-- phpMyAdmin SQL Dump
-- version 2.11.9.2
-- http://www.phpmyadmin.net
--
-- 主机: 127.0.0.1:3306
-- 生成日期: 2013 年 03 月 30 日 09:30
-- 服务器版本: 5.1.28
-- PHP 版本: 5.2.6

SET SQL_MODE="NO_AUTO_VALUE_ON_ZERO";


/*!40101 SET @OLD_CHARACTER_SET_CLIENT=@@CHARACTER_SET_CLIENT */;
/*!40101 SET @OLD_CHARACTER_SET_RESULTS=@@CHARACTER_SET_RESULTS */;
/*!40101 SET @OLD_COLLATION_CONNECTION=@@COLLATION_CONNECTION */;
/*!40101 SET NAMES utf8 */;

--
-- 数据库: `test`
--

-- --------------------------------------------------------

--
-- 表的结构 `pp_access`
--

CREATE TABLE IF NOT EXISTS `pp_access` (
  `role_id` tinyint(5) NOT NULL,
  `node_id` tinyint(5) NOT NULL
) ENGINE=MyISAM DEFAULT CHARSET=utf8;

--
-- 导出表中的数据 `pp_access`
--

INSERT INTO `pp_access` (`role_id`, `node_id`) VALUES
(2, 14),
(2, 13),
(2, 12),
(1, 50),
(1, 51),
(1, 99),
(1, 100),
(1, 101),
(1, 102),
(1, 103),
(1, 104),
(1, 107),
(1, 115),
(1, 116),
(1, 117),
(1, 118),
(1, 127),
(1, 121),
(1, 122),
(1, 127),
(1, 127),
(1, 127),
(1, 127),
(1, 127),
(1, 127),
(1, 127),
(1, 127),
(1, 127),
(2, 15),
(2, 16),
(2, 101),
(2, 102),
(2, 103),
(2, 105),
(2, 106),
(2, 127),
(2, 117),
(2, 127),
(1, 50),
(1, 51),
(1, 99),
(1, 100),
(1, 101),
(1, 102),
(1, 103),
(1, 104),
(1, 107),
(1, 115),
(1, 116),
(1, 117),
(1, 118),
(1, 127),
(1, 121),
(1, 122),
(1, 127),
(1, 127),
(1, 127),
(1, 127),
(1, 127),
(1, 127),
(1, 127),
(1, 127),
(1, 127),
(2, 127),
(2, 127),
(2, 127),
(2, 116),
(2, 115),
(2, 110),
(2, 109),
(2, 108),
(2, 107),
(2, 104),
(2, 106),
(2, 105),
(2, 103),
(2, 102),
(2, 101),
(2, 127),
(2, 127),
(2, 127),
(2, 100),
(2, 99),
(2, 51),
(2, 50),
(2, 124),
(2, 123),
(2, 125),
(2, 16),
(2, 15),
(2, 14),
(2, 13),
(2, 12),
(2, 11),
(2, 127),
(2, 127),
(2, 127),
(2, 127),
(2, 127),
(2, 127),
(2, 127),
(2, 127),
(2, 127),
(2, 127),
(2, 122),
(2, 121),
(2, 127),
(2, 10),
(2, 9),
(2, 8),
(2, 127),
(2, 127),
(2, 118),
(2, 7),
(2, 6),
(2, 5),
(2, 4),
(2, 3),
(2, 2),
(2, 1),
(2, 127),
(2, 127),
(2, 127),
(2, 127),
(2, 127),
(2, 127),
(2, 127),
(2, 127),
(2, 127),
(2, 127),
(2, 127),
(2, 127),
(2, 127),
(2, 127),
(2, 127),
(2, 127),
(2, 127),
(2, 127),
(2, 127),
(2, 127),
(2, 127),
(2, 127),
(2, 127),
(2, 127),
(2, 127),
(2, 127),
(2, 14),
(2, 13),
(2, 12),
(1, 50),
(1, 51),
(1, 99),
(1, 100),
(1, 101),
(1, 102),
(1, 103),
(1, 104),
(1, 107),
(1, 115),
(1, 116),
(1, 117),
(1, 118),
(1, 127),
(1, 121),
(1, 122),
(1, 127),
(1, 127),
(1, 127),
(1, 127),
(1, 127),
(1, 127),
(1, 127),
(1, 127),
(1, 127),
(2, 15),
(2, 16),
(2, 101),
(2, 102),
(2, 103),
(2, 105),
(2, 106),
(2, 127),
(2, 117),
(2, 127),
(1, 50),
(1, 51),
(1, 99),
(1, 100),
(1, 101),
(1, 102),
(1, 103),
(1, 104),
(1, 107),
(1, 115),
(1, 116),
(1, 117),
(1, 118),
(1, 127),
(1, 121),
(1, 122),
(1, 127),
(1, 127),
(1, 127),
(1, 127),
(1, 127),
(1, 127),
(1, 127),
(1, 127),
(1, 127),
(2, 127),
(2, 127),
(2, 127),
(2, 116),
(2, 115),
(2, 110),
(2, 109),
(2, 108),
(2, 107),
(2, 104),
(2, 106),
(2, 105),
(2, 103),
(2, 102),
(2, 101),
(2, 127),
(2, 127),
(2, 127),
(2, 100),
(2, 99),
(2, 51),
(2, 50),
(2, 124),
(2, 123),
(2, 125),
(2, 16),
(2, 15),
(2, 14),
(2, 13),
(2, 12),
(2, 11),
(2, 127),
(2, 127),
(2, 127),
(2, 127),
(2, 127),
(2, 127),
(2, 127),
(2, 127),
(2, 127),
(2, 127),
(2, 122),
(2, 121),
(2, 127),
(2, 10),
(2, 9),
(2, 8),
(2, 127),
(2, 127),
(2, 118),
(2, 7),
(2, 6),
(2, 5),
(2, 4),
(2, 3),
(2, 2),
(2, 1),
(2, 127),
(2, 127),
(2, 127),
(2, 127),
(2, 127),
(2, 127),
(2, 127),
(2, 127),
(2, 127),
(2, 127),
(2, 127),
(2, 127),
(2, 127),
(2, 127),
(2, 127),
(2, 127),
(2, 127),
(2, 127),
(2, 127),
(2, 127),
(2, 127),
(2, 127),
(2, 127),
(2, 127),
(2, 127),
(2, 127);

-- --------------------------------------------------------

--
-- 表的结构 `pp_adboard`
--

CREATE TABLE IF NOT EXISTS `pp_adboard` (
  `id` smallint(5) NOT NULL AUTO_INCREMENT,
  `name` varchar(50) NOT NULL,
  `type` varchar(20) NOT NULL,
  `width` smallint(5) NOT NULL,
  `height` smallint(5) NOT NULL,
  `description` varchar(255) NOT NULL,
  `status` tinyint(1) NOT NULL DEFAULT '0',
  PRIMARY KEY (`id`)
) ENGINE=MyISAM  DEFAULT CHARSET=utf8 AUTO_INCREMENT=2 ;

--
-- 导出表中的数据 `pp_adboard`
--

INSERT INTO `pp_adboard` (`id`, `name`, `type`, `width`, `height`, `description`, `status`) VALUES
(1, '右侧广告', '', 300, 300, '付费广告', 1);

-- --------------------------------------------------------

--
-- 表的结构 `pp_admin`
--

CREATE TABLE IF NOT EXISTS `pp_admin` (
  `id` int(10) NOT NULL AUTO_INCREMENT,
  `user_name` varchar(50) NOT NULL,
  `password` varchar(100) NOT NULL,
  `add_time` int(10) DEFAULT NULL,
  `last_time` int(10) DEFAULT NULL,
  `status` tinyint(1) unsigned NOT NULL DEFAULT '1',
  `role_id` int(10) NOT NULL,
  PRIMARY KEY (`id`)
) ENGINE=MyISAM  DEFAULT CHARSET=utf8 AUTO_INCREMENT=3 ;

--
-- 导出表中的数据 `pp_admin`
--

INSERT INTO `pp_admin` (`id`, `user_name`, `password`, `add_time`, `last_time`, `status`, `role_id`) VALUES
(1, 'admin', 'c9bfb67b6484522ecd220e1a2288d6c2', 1344136889, NULL, 1, 1),
(2, 'wanghuan', 'c52130e089e2886fc6ef52e811303efb', 1355820488, 1355820488, 1, 2);

-- --------------------------------------------------------

--
-- 表的结构 `pp_group`
--

CREATE TABLE IF NOT EXISTS `pp_group` (
  `id` smallint(3) unsigned NOT NULL AUTO_INCREMENT,
  `name` varchar(25) NOT NULL,
  `title` varchar(50) NOT NULL,
  `create_time` int(11) unsigned NOT NULL,
  `update_time` int(11) unsigned NOT NULL DEFAULT '0',
  `status` tinyint(1) unsigned NOT NULL DEFAULT '0',
  `sort` smallint(3) unsigned NOT NULL DEFAULT '0',
  PRIMARY KEY (`id`)
) ENGINE=MyISAM  DEFAULT CHARSET=utf8 AUTO_INCREMENT=13 ;

--
-- 导出表中的数据 `pp_group`
--

INSERT INTO `pp_group` (`id`, `name`, `title`, `create_time`, `update_time`, `status`, `sort`) VALUES
(1, 'system', '系统设置', 1222841259, 1222841259, 1, 3),
(4, 'article', '内容管理', 1222841259, 1222841259, 1, 1),
(8, 'member', '会员管理', 0, 0, 1, 2);

-- --------------------------------------------------------

--
-- 表的结构 `pp_nav`
--

CREATE TABLE IF NOT EXISTS `pp_nav` (
  `id` int(11) NOT NULL AUTO_INCREMENT,
  `name` varchar(255) NOT NULL,
  `alias` varchar(50) NOT NULL,
  `url` varchar(255) NOT NULL,
  `sort_order` smallint(4) NOT NULL,
  `system` tinyint(1) NOT NULL DEFAULT '0' COMMENT '1-系统 0-自定义',
  `type` tinyint(1) NOT NULL DEFAULT '1' COMMENT '导航位置1-顶部 2-底部',
  `in_site` tinyint(1) NOT NULL COMMENT '1-本站内 0-站外',
  `is_show` tinyint(1) NOT NULL DEFAULT '1',
  `seo_title` varchar(255) NOT NULL,
  `seo_keys` text NOT NULL,
  `seo_desc` text NOT NULL,
  PRIMARY KEY (`id`)
) ENGINE=MyISAM DEFAULT CHARSET=utf8 AUTO_INCREMENT=1 ;

--
-- 导出表中的数据 `pp_nav`
--


-- --------------------------------------------------------

--
-- 表的结构 `pp_node`
--

CREATE TABLE IF NOT EXISTS `pp_node` (
  `id` smallint(6) unsigned NOT NULL AUTO_INCREMENT,
  `module` varchar(255) NOT NULL,
  `module_name` varchar(50) NOT NULL,
  `action` varchar(255) NOT NULL,
  `action_name` varchar(50) DEFAULT NULL,
  `data` varchar(255) DEFAULT NULL,
  `status` tinyint(1) DEFAULT '0',
  `remark` varchar(255) DEFAULT NULL,
  `sort` smallint(6) unsigned NOT NULL DEFAULT '0',
  `auth_type` tinyint(1) NOT NULL DEFAULT '0',
  `group_id` tinyint(3) unsigned DEFAULT '0',
  `often` tinyint(1) NOT NULL DEFAULT '0' COMMENT '0-不常用 1-常用',
  `is_show` tinyint(1) NOT NULL DEFAULT '0' COMMENT '0-不常用 1-常用',
  PRIMARY KEY (`id`),
  KEY `status` (`status`),
  KEY `name` (`module`)
) ENGINE=MyISAM  DEFAULT CHARSET=utf8 AUTO_INCREMENT=238 ;

--
-- 导出表中的数据 `pp_node`
--

INSERT INTO `pp_node` (`id`, `module`, `module_name`, `action`, `action_name`, `data`, `status`, `remark`, `sort`, `auth_type`, `group_id`, `often`, `is_show`) VALUES
(1, 'node', '菜单管理', '', '', '', 1, '', 0, 0, 1, 0, 0),
(2, 'node', '菜单管理', 'index', '菜单列表', '', 1, '', 0, 1, 1, 0, 0),
(3, 'node', '菜单管理', 'add', '添加菜单', '', 1, '', 0, 2, 1, 0, 0),
(4, 'node', '菜单管理', 'edit', '编辑菜单', '', 1, '', 0, 2, 1, 0, 0),
(5, 'node', '菜单管理', 'delete', '删除菜单', '', 1, '', 0, 2, 1, 0, 0),
(6, 'role', '角色管理', '', '', '', 1, '', 370, 0, 1, 0, 0),
(7, 'role', '角色管理', 'index', '角色管理', '', 1, '', 0, 1, 1, 0, 0),
(8, 'role', '角色管理', 'add', '添加角色', '', 1, '', 0, 2, 1, 0, 0),
(9, 'role', '角色管理', 'edit', '编辑角色', '', 1, '', 0, 2, 1, 0, 0),
(10, 'role', '角色管理', 'delete', '删除角色', '', 1, '', 0, 2, 1, 0, 0),
(11, 'role', '角色管理', 'auth', '角色授权', '', 1, '', 0, 2, 1, 0, 0),
(12, 'admin', '管理员管理', '', '', '', 1, '', 380, 0, 1, 0, 0),
(13, 'admin', '管理员管理', 'index', '管理员列表', '', 1, '', 0, 1, 1, 0, 0),
(14, 'admin', '管理员管理', 'add', '添加管理员', '', 1, '', 0, 2, 1, 0, 0),
(15, 'admin', '管理员管理', 'edit', '编辑管理员', '', 1, '', 0, 2, 1, 0, 0),
(16, 'admin', '管理员管理', 'delete', '删除管理员', '', 1, '', 0, 2, 1, 0, 0),
(50, 'setting', '网站设置', '', '', '', 1, '', 399, 0, 1, 0, 0),
(51, 'setting', '网站设置', 'index', '网站设置', '', 1, '', 0, 1, 1, 0, 0),
(116, 'items', '商品管理', 'index', '商品列表', '', 1, NULL, 0, 1, 6, 0, 0),
(121, 'nav', '导航管理', '', '', '', 1, '', 2, 0, 4, 0, 0),
(122, 'nav', '导航管理', 'index', '导航列表', '', 1, '', 0, 1, 4, 0, 0),
(123, 'nav', '导航管理', 'add', '添加导航', '', 1, '', 0, 2, 4, 0, 0),
(124, 'nav', '导航管理', 'edit', '编辑导航', '', 0, '', 0, 2, 4, 0, 0),
(125, 'nav', '导航管理', 'delete', '删除导航', '', 1, '', 0, 2, 4, 0, 0),
(177, 'cache', '缓存管理', ' ', '', '', 1, '', 0, 0, 1, 0, 1),
(178, 'cache', '缓存管理', 'index', '缓存管理', '', 1, '', 0, 2, 1, 0, 1),
(192, 'user', '会员管理', '', '', '', 1, '', 399, 0, 8, 0, 0),
(193, 'user', '会员管理', 'index', '会员列表', '', 1, '', 0, 1, 8, 0, 0),
(194, 'user', '会员管理', 'delete', '删除', '', 1, '', 0, 1, 8, 0, 1),
(197, 'setting', '网站设置', 'index', '第三方登录', 'type=oauth', 1, '', 0, 1, 1, 0, 0),
(198, 'setting', '网站设置', 'index', '优化设置', 'type=seo', 1, '', 0, 1, 1, 0, 0),
(199, 'setting', '网站设置', 'index', '关注我们', 'type=guanzhu', 1, '', 0, 1, 1, 0, 0),
(208, 'database', '数据库管理', '', '', '', 1, '', 0, 0, 1, 0, 0),
(209, 'database', '数据库管理', 'execute', '执行', '', 1, '', 0, 1, 1, 0, 0);

-- --------------------------------------------------------

--
-- 表的结构 `pp_role`
--

CREATE TABLE IF NOT EXISTS `pp_role` (
  `id` smallint(6) unsigned NOT NULL AUTO_INCREMENT,
  `name` varchar(20) NOT NULL,
  `status` tinyint(1) unsigned DEFAULT NULL,
  `remark` varchar(255) DEFAULT NULL,
  `create_time` int(11) unsigned NOT NULL,
  `update_time` int(11) unsigned NOT NULL,
  PRIMARY KEY (`id`),
  KEY `status` (`status`)
) ENGINE=MyISAM  DEFAULT CHARSET=utf8 AUTO_INCREMENT=3 ;

--
-- 导出表中的数据 `pp_role`
--

INSERT INTO `pp_role` (`id`, `name`, `status`, `remark`, `create_time`, `update_time`) VALUES
(1, '管理员', 1, '管理员', 1208784792, 1254325558),
(2, '编辑', 1, '编辑', 1208784792, 1254325558);

-- --------------------------------------------------------

--
-- 表的结构 `pp_user`
--

CREATE TABLE IF NOT EXISTS `pp_user` (
  `id` int(10) NOT NULL AUTO_INCREMENT,
  `name` varchar(50) NOT NULL DEFAULT '0',
  `nickname` varchar(32) DEFAULT NULL,
  `passwd` varchar(50) NOT NULL DEFAULT '0',
  `money` float NOT NULL,
  `img` varchar(255) NOT NULL DEFAULT '../Public/images/header.jpg',
  `email` varchar(50) NOT NULL DEFAULT '@',
  `sex` tinyint(4) NOT NULL DEFAULT '0',
  `brithday` date NOT NULL DEFAULT '1978-01-01',
  `address` varchar(50) NOT NULL,
  `province` varchar(20) NOT NULL,
  `city` varchar(20) NOT NULL,
  `area` varchar(20) NOT NULL,
  `blog` varchar(200) NOT NULL,
  `info` varchar(500) NOT NULL,
  `ip` varchar(15) NOT NULL,
  `add_time` int(11) NOT NULL DEFAULT '0',
  `status` tinyint(1) NOT NULL DEFAULT '1',
  `last_time` int(11) NOT NULL DEFAULT '0',
  `last_ip` varchar(15) DEFAULT '0',
  `share_num` int(11) DEFAULT '0',
  `like_num` int(11) DEFAULT '0',
  `follow_num` int(10) DEFAULT '0',
  `fans_num` int(10) DEFAULT '0',
  `album_num` int(10) DEFAULT '0',
  `tel` varchar(11) DEFAULT NULL,
  `user_level` tinyint(2) NOT NULL COMMENT 'ç”¨æˆ·ç­‰çº§',
  `user_auth_level` tinyint(1) NOT NULL COMMENT 'ä¼šå‘˜æƒé™ç­‰çº§',
  `truename` varchar(32) DEFAULT NULL,
  `idcard` varchar(19) DEFAULT NULL,
  `hobby` varchar(1000) DEFAULT NULL,
  `recommender` int(11) DEFAULT NULL COMMENT '推荐人',
  `connectid` varchar(35) DEFAULT NULL,
  `from` varchar(12) DEFAULT NULL,
  PRIMARY KEY (`id`)
) ENGINE=MyISAM  DEFAULT CHARSET=utf8 AUTO_INCREMENT=1076 ;

--
-- 导出表中的数据 `pp_user`
--

INSERT INTO `pp_user` (`id`, `name`, `nickname`, `passwd`, `money`, `img`, `email`, `sex`, `brithday`, `address`, `province`, `city`, `area`, `blog`, `info`, `ip`, `add_time`, `status`, `last_time`, `last_ip`, `share_num`, `like_num`, `follow_num`, `fans_num`, `album_num`, `tel`, `user_level`, `user_auth_level`, `truename`, `idcard`, `hobby`, `recommender`, `connectid`, `from`) VALUES
(1, '1111111111', NULL, '1bbd886460827015e5d605ed44252251', 0, '../Public/images/header.jpg', '111111111@11.com', 2, '1978-01-01', '', '', '', '', '', '', '61.232.9.178', 1353675524, 1, 1353675524, '0', 0, 0, 0, 0, 0, NULL, 0, 0, NULL, NULL, NULL, NULL, NULL, NULL),
(2, 'xiaoming', NULL, '250cf8b51c773f3f8dc8b4be867a9a02', 0, '../Public/images/header.jpg', 'xiaoming@qq.com', 2, '1978-01-01', '', '', '', '', '', '', '61.232.9.178', 1353675563, 1, 1353675563, '0', 0, 0, 0, 0, 0, NULL, 0, 0, NULL, NULL, NULL, NULL, NULL, NULL),
(3, 'sxq', '刘', '202cb962ac59075b964b07152d234b70', 0, '../Public/images/header.jpg', '29430@qq.com', 1, '0000-00-00', '北京海淀', '北京', '北京', '北京市', '', '', '61.232.9.178', 1353675831, 1, 1355212300, '61.232.9.178', 0, 0, 0, 0, 0, '', 0, 0, '流泪', '37082819821014293X', NULL, NULL, NULL, NULL),
(4, 'chen', '小陈', '250cf8b51c773f3f8dc8b4be867a9a02', 0, '../Public/images/header.jpg', '456@qq.com', 2, '1989-05-25', '衡阳', '北京', '北京', '北京市', '', '', '61.232.9.178', 1353718248, 1, 1359354791, '61.232.9.187', 0, 0, 0, 0, 0, '13785584825', 0, 0, '陈平名', '456982878', NULL, NULL, NULL, NULL),
(5, 'mingxiao', NULL, '250cf8b51c773f3f8dc8b4be867a9a02', 0, '../Public/images/header.jpg', 'mingxiao@qq.com', 2, '1978-01-01', '', '', '', '', '', '', '61.232.9.178', 1353719377, 1, 1353719377, '0', 0, 0, 0, 0, 0, NULL, 0, 0, NULL, NULL, NULL, NULL, NULL, NULL),
(6, 'sjyjean', NULL, '8ddcff3a80f4189ca1c9d4d902c3c909', 0, '../Public/images/header.jpg', 'chenju520@163.com', 0, '1978-01-01', '', '', '', '', '', '', '61.148.243.125', 1353728234, 1, 0, '0', 0, 0, 0, 0, 0, NULL, 0, 0, NULL, NULL, NULL, NULL, NULL, NULL),
(7, 'sahutu', NULL, '8ddcff3a80f4189ca1c9d4d902c3c909', 0, '../Public/images/header.jpg', 'sahutu@163.com', 0, '1978-01-01', '', '', '', '', '', '', '61.148.243.125', 1353728299, 1, 1353728309, '61.148.243.125', 0, 0, 0, 0, 0, NULL, 0, 0, NULL, NULL, NULL, NULL, NULL, NULL),
(8, 'v-marke', NULL, '96e79218965eb72c92a549dd5a330112', 0, '../Public/images/header.jpg', 'vmarke@163.com', 2, '1978-01-01', '', '', '', '', '', '', '124.193.85.198', 1353728778, 1, 1353808750, '61.232.9.178', 0, 0, 0, 0, 0, NULL, 0, 0, NULL, NULL, NULL, NULL, NULL, NULL),
(9, 'cleaninggirl', NULL, '2d85df9c54ac13b8c0cc2b77899456c3', 0, '../Public/images/header.jpg', 'cleaninggirl@163.COM', 2, '1978-01-01', '', '', '', '', '', '', '61.148.242.111', 1353730689, 1, 1353730689, '0', 0, 0, 0, 0, 0, NULL, 0, 0, NULL, NULL, NULL, NULL, NULL, NULL),
(10, 'mqqqyqqq', NULL, 'c69c64440c7a64c6a7ebd4941b89aed2', 0, '../Public/images/header.jpg', 'chenzhoufu@qq.com', 1, '1978-01-01', '', '', '', '', '', '', '219.141.159.40', 1353732755, 1, 1356170565, '219.141.159.37', 0, 0, 0, 0, 0, NULL, 0, 0, NULL, NULL, NULL, NULL, NULL, NULL),
(11, '1299172832', NULL, 'ab74738e05f7dff1e4f3ba20628e7c03', 0, '../Public/images/header.jpg', '1299172832@qq.com', 0, '1978-01-01', '', '', '', '', '', '', '106.9.74.235', 1353794378, 1, 1353794378, '0', 0, 0, 0, 0, 0, NULL, 0, 0, NULL, NULL, NULL, NULL, NULL, NULL),
(12, 'ygsw998', NULL, 'a1e906cdad94ee5d7d30fae137e5ffb8', 0, '../Public/images/header.jpg', '468321212@qq.com', 1, '1978-01-01', '', '', '', '', '', '', '124.135.241.122', 1353853255, 1, 1353853255, '0', 0, 0, 0, 0, 0, NULL, 0, 0, NULL, NULL, NULL, NULL, NULL, NULL),
(13, 'liulei8719537', NULL, '486d8f616ba779265b50eeadbd20f0e7', 0, '../Public/images/header.jpg', '527486224@qq.com', 1, '1978-01-01', '', '', '', '', '', '', '61.232.9.178', 1353895296, 1, 1359771251, '61.232.9.187', 0, 0, 0, 0, 0, NULL, 0, 0, NULL, NULL, NULL, NULL, NULL, NULL),
(14, 'haha', NULL, 'e10adc3949ba59abbe56e057f20f883e', 0, '../Public/images/header.jpg', 'haha@126.com', 2, '1978-01-01', '', '', '', '', '', '', '61.232.9.178', 1353906735, 1, 1361496938, '61.232.9.187', 0, 0, 0, 0, 0, NULL, 0, 0, NULL, NULL, NULL, NULL, NULL, NULL),
(15, 'ceshi', NULL, 'e10adc3949ba59abbe56e057f20f883e', 0, '../Public/images/header.jpg', 'ceshi@163.com', 0, '1978-01-01', '', '', '', '', '', '', '61.232.9.178', 1353909496, 1, 1353909496, '0', 0, 0, 0, 0, 0, NULL, 0, 0, NULL, NULL, NULL, NULL, NULL, NULL),
(16, 'ooo', NULL, '36347412c7d30ae6fde3742bbc4f21b9', 0, '../Public/images/header.jpg', 'iii', 0, '1978-01-01', '', '', '', '', '', '', '61.232.9.178', 1353986892, 1, 0, '0', 0, 0, 0, 0, 0, NULL, 0, 0, NULL, NULL, NULL, NULL, NULL, NULL),
(17, '111111', '9999999999', '96e79218965eb72c92a549dd5a330112', 9578.02, '/data/Uploads/1354501909.jpg', '271216432@qq.com', 0, '1982-10-14', '请输入详细地址', '省份', '地级市', '市、县级市、县', '', '', '61.232.9.178', 1353987206, 1, 1364519436, '127.0.0.1', 0, 0, 0, 0, 0, '', 0, 1, '', '', NULL, NULL, NULL, NULL),
(18, 'ceshi01', 'fvh', '68053af2923e00204c3ca7c6a3150cf7', 107540, '/data/Uploads/1354094855.jpg', 'vbj', 1, '1982-12-14', '北京亦庄', '上海', '上海', '黄浦区', '', '', '61.232.9.178', 1353995544, 1, 1362386937, '61.232.9.187', 0, 0, 0, 0, 0, '13426101801', 0, 1, '测试', '37082819821014289', NULL, NULL, NULL, NULL),
(19, 'sx', NULL, '202cb962ac59075b964b07152d234b70', 0, '../Public/images/header.jpg', 'Sx@qq.com', 0, '1978-01-01', '', '', '', '', '', '', '61.232.9.178', 1353998076, 1, 1353998098, '61.232.9.178', 0, 0, 0, 0, 0, NULL, 0, 0, NULL, NULL, NULL, NULL, NULL, NULL),
(20, '874eyiioo', NULL, '202cb962ac59075b964b07152d234b70', 0, '../Public/images/header.jpg', 'ghhjjjrufh@qq.com', 0, '1978-01-01', '', '', '', '', '', '', '61.232.9.178', 1354239359, 1, 1354239400, '61.232.9.178', 0, 0, 0, 0, 0, NULL, 0, 0, NULL, NULL, NULL, NULL, NULL, NULL),
(21, '555555', NULL, '5b1b68a9abf4d2cd155c81a9225fd158', 0, '../Public/images/header.jpg', '555555', 0, '1978-01-01', '', '', '', '', '', '', '61.232.9.178', 1354242096, 1, 1354242096, '0', 0, 0, 0, 0, 0, NULL, 0, 1, NULL, NULL, NULL, NULL, NULL, NULL),
(22, 'liulei', NULL, '486d8f616ba779265b50eeadbd20f0e7', 0, '../Public/images/header.jpg', 'liulei8719537@163.com', 1, '1978-01-01', '', '', '', '', '', '', '61.232.9.178', 1354243364, 1, 1354243364, '0', 0, 0, 0, 0, 0, NULL, 0, 1, NULL, NULL, NULL, NULL, NULL, NULL),
(23, '286526088', NULL, '1c83d18e1ff98c189fdbf4305c62bcb0', 0, '../Public/images/header.jpg', '286526088@qq.com', 1, '1978-01-01', '', '', '', '', '', '', '61.232.9.178', 1354263669, 1, 1355284511, '61.232.9.178', 0, 0, 0, 0, 0, NULL, 0, 0, NULL, NULL, NULL, NULL, NULL, NULL),
(24, '999999', NULL, '52c69e3a57331081823331c4e69d3f2e', 0, '../Public/images/header.jpg', '999999', 0, '1978-01-01', '', '', '', '', '', '', '61.232.9.178', 1354334903, 1, 1354343187, '61.232.9.178', 0, 0, 0, 0, 0, NULL, 0, 1, NULL, NULL, NULL, NULL, NULL, NULL),
(25, 'linshaoneng', '胡约约', '3b0fa8cfdc0999e08e0153d0f33d4429', 0, '/data/Uploads/1354355892.jpg', 'linshaoneng@sina.cn', 2, '1978-01-01', '请输入详细地址', '北京', '北京', '北京市', '', '', '61.232.9.178', 1354355741, 1, 1354355741, '0', 0, 0, 0, 0, 0, '', 0, 0, '胡约约', '', NULL, NULL, NULL, NULL),
(26, 'lvhuilin225', '', 'a1ab275772c6300475a3bf17d61e1ce1', 0, '../Public/images/header.jpg', 'lvhl225@163.com', 2, '1978-01-01', '请输入详细地址', '', '', '', '', '', '61.232.9.178', 1354497661, 1, 1355126106, '61.232.9.178', 0, 0, 0, 0, 0, '', 0, 0, '', '', NULL, NULL, NULL, NULL),
(27, 'yy', NULL, '2fb1c5cf58867b5bbc9a1b145a86f3a0', 0, '../Public/images/header.jpg', 'yy', 0, '1978-01-01', '', '', '', '', '', '', '61.232.9.178', 1354513130, 1, 1354513146, '61.232.9.178', 0, 0, 0, 0, 0, NULL, 0, 0, NULL, NULL, NULL, NULL, NULL, NULL),
(28, 'Yan', 'Test', '310dcbbf4cce62f762a2aaa148d556bd', 0, '../Public/images/header.jpg', 'test@test.com', 0, '1978-01-01', '', '', '', '', '', '', '61.232.9.178', 1354592148, 1, 1359618304, '61.232.9.187', 0, 0, 0, 0, 0, NULL, 0, 0, NULL, NULL, NULL, NULL, NULL, NULL),
(29, 'ttttt', NULL, '202cb962ac59075b964b07152d234b70', 0, '../Public/images/header.jpg', 'Rrr', 0, '1978-01-01', '', '', '', '', '', '', '61.232.9.178', 1354601149, 1, 1354601193, '61.232.9.178', 0, 0, 0, 0, 0, NULL, 0, 0, NULL, NULL, NULL, NULL, NULL, NULL),
(30, 'xq_stone', 'xq_stone', '28d0147af273d8b315b58247f53c07bd', 0, '../Public/images/header.jpg', 'xq_lf@163.com', 0, '1978-01-01', '', '', '', '', '', '', '124.193.85.198', 1354955237, 1, 1354955270, '124.193.85.198', 0, 0, 0, 0, 0, NULL, 0, 0, NULL, NULL, NULL, NULL, NULL, NULL),
(31, '???', '???', '842b50a6f03aa790fb8cee790d706833', 0, '../Public/images/header.jpg', '530200148@qq.com', 0, '1978-01-01', '', '', '', '', '', '', '117.136.0.74', 1355033459, 1, 1355033968, '117.136.0.74', 0, 0, 0, 0, 0, NULL, 0, 0, NULL, NULL, NULL, NULL, NULL, NULL),
(32, 'horseqian', NULL, '96e79218965eb72c92a549dd5a330112', 1, '../Public/images/header.jpg', 'horseqian@msn.com', 0, '1978-01-01', '', '', '', '', '', '', '61.232.9.178', 1355106225, 1, 1359884703, '61.232.9.187', 0, 0, 0, 0, 0, NULL, 0, 0, NULL, NULL, NULL, NULL, NULL, NULL),
(33, 's.peng', '济南代理商', '8606400711f297e8d5d670a31f9f34f9', 0, '../Public/images/header.jpg', 'enggin@163.com', 0, '1978-01-01', '请输入详细地址', '内蒙古', '阿拉善盟', '阿拉善右旗', '', '', '61.232.9.178', 1355110784, 1, 1355223609, '61.232.9.178', 0, 0, 0, 0, 0, '', 0, 0, '', '', NULL, NULL, NULL, NULL),
(34, 'vmarke', NULL, 'bf9f8d1f05dc08cc3b02e8fcf2c2ba57', 0, '../Public/images/header.jpg', '472515762@qq.com', 0, '1978-01-01', '', '', '', '', '', '', '61.232.9.178', 1355126052, 1, 1355126052, '0', 0, 0, 0, 0, 0, NULL, 0, 0, NULL, NULL, NULL, NULL, NULL, NULL),
(35, 'ttt', NULL, '310dcbbf4cce62f762a2aaa148d556bd', 0, '../Public/images/header.jpg', '333', 0, '1978-01-01', '', '', '', '', '', '', '61.232.9.178', 1355281897, 1, 1359618315, '61.232.9.187', 0, 0, 0, 0, 0, NULL, 0, 0, NULL, NULL, NULL, NULL, NULL, NULL),
(36, 'ttty', NULL, '310dcbbf4cce62f762a2aaa148d556bd', 0, '../Public/images/header.jpg', 'ddd', 0, '1978-01-01', '', '', '', '', '', '', '61.232.9.178', 1355282571, 1, 0, '0', 0, 0, 0, 0, 0, NULL, 0, 0, NULL, NULL, NULL, NULL, NULL, NULL),
(37, '柔软', NULL, '15de21c670ae7c3f6f3f1f37029303c9', 0, '../Public/images/header.jpg', '555', 0, '1978-01-01', '', '', '', '', '', '', '61.232.9.178', 1355282722, 1, 0, '0', 0, 0, 0, 0, 0, NULL, 0, 0, NULL, NULL, NULL, NULL, NULL, NULL),
(38, '我的', NULL, '550a141f12de6341fba65b0ad0433500', 0, '../Public/images/header.jpg', '444', 0, '1978-01-01', '', '', '', '', '', '', '61.232.9.178', 1355283502, 1, 0, '0', 0, 0, 0, 0, 0, NULL, 0, 0, NULL, NULL, NULL, NULL, NULL, NULL),
(39, 'qiuchen', 'ghjjjj', '6253ae5ff176f06937f80ed7ba47df32', 0, '../Public/images/header.jpg', '', 0, '1978-01-01', '', '', '', '', '', '', '61.232.9.178', 1355367053, 1, 1355367053, '0', 0, 0, 0, 0, 0, NULL, 0, 0, NULL, NULL, NULL, NULL, NULL, NULL),
(40, 'ruhuashiyu', '似玉', '8606400711f297e8d5d670a31f9f34f9', 0, '../Public/images/header.jpg', 'pls@outlook.com', 1, '2012-12-13', '波奇乡寡妇村', '内蒙古', '包头', '固阳县', '', '', '61.232.9.178', 1355374167, 1, 1356673845, '61.232.9.178', 0, 0, 0, 0, 0, '12530', 0, 0, '如花', '10000000000000001', NULL, NULL, NULL, NULL),
(41, 'suxiaoqiang', NULL, '5bfab81a2c3215b975ae11e5aa838534', 0, '/data/Uploads/1355376641.PNG', 'sxq@qq.com', 1, '1978-01-01', '', '', '', '', '', '', '61.232.9.178', 1355376302, 1, 1355376302, '0', 0, 0, 0, 0, 0, NULL, 0, 0, NULL, NULL, NULL, NULL, NULL, NULL),
(42, 'duqiu9090', NULL, 'e10adc3949ba59abbe56e057f20f883e', 0, '../Public/images/header.jpg', '790650320@qq.com', 1, '1978-01-01', '', '', '', '', '', '', '61.232.9.178', 1355386938, 1, 1355386970, '61.232.9.178', 0, 0, 0, 0, 0, NULL, 0, 0, NULL, NULL, NULL, NULL, NULL, NULL),
(43, 'kooki', 'kooki', '1b6da850da10aec5c3c00d02196401dc', 0, '/data/Uploads/1355388419.jpg', 'a_127@163.com', 2, '1978-01-01', '请输入详细地址', '省份', '地级市', '市、县级市、县', '', '', '61.232.9.178', 1355388329, 1, 1359771275, '61.232.9.187', 0, 0, 0, 0, 0, '', 0, 0, '', '', NULL, NULL, NULL, NULL),
(44, 'qq303465885', NULL, '2c1b26ac22bf33d59fd820ac523fa2e9', 0, '../Public/images/header.jpg', '303465885@qq.com', 1, '1978-01-01', '', '', '', '', '', '', '124.126.233.246', 1355455847, 1, 1355455847, '0', 0, 0, 0, 0, 0, NULL, 0, 0, NULL, NULL, NULL, NULL, NULL, NULL),
(45, '552155908@qq.com', NULL, '7f85af03da1ce79ae77b954026916437', 0, '../Public/images/header.jpg', '552155908@qq.com', 1, '1978-01-01', '', '', '', '', '', '', '60.252.63.246', 1355557229, 1, 1355557229, '0', 0, 0, 0, 0, 0, NULL, 0, 0, NULL, NULL, NULL, NULL, NULL, NULL),
(46, '1109150520', NULL, 'c180898016a064d6c87a625e0890b878', 0, '../Public/images/header.jpg', '1109150520@qq.com', 0, '1978-01-01', '', '', '', '', '', '', '61.232.9.178', 1355821632, 1, 1355821632, '0', 0, 0, 0, 0, 0, NULL, 0, 0, NULL, NULL, NULL, NULL, NULL, NULL),
(500, '55775599', NULL, '96e79218965eb72c92a549dd5a330112', 0, '../Public/images/header.jpg', '998855444', 0, '1978-01-01', '', '', '', '', '', '', '61.232.9.178', 1355823109, 1, 1355823109, '0', 0, 0, 0, 0, 0, NULL, 0, 0, NULL, NULL, NULL, NULL, NULL, NULL),
(501, 'sxq123', NULL, '5bfab81a2c3215b975ae11e5aa838534', 0, '../Public/images/header.jpg', 'sxq123@qq.com', 0, '1978-01-01', '', '', '', '', '', '', '123.235.38.16', 1355840250, 1, 1355840275, '123.235.38.16', 0, 0, 0, 0, 0, NULL, 0, 0, NULL, NULL, NULL, NULL, NULL, NULL),
(502, '147718509', NULL, 'c180898016a064d6c87a625e0890b878', 0, '../Public/images/header.jpg', '147718509@qq.com', 0, '1978-01-01', '', '', '', '', '', '', '61.232.9.178', 1355908279, 1, 1356052986, '61.232.9.178', 0, 0, 0, 0, 0, NULL, 0, 1, NULL, NULL, NULL, NULL, NULL, NULL),
(503, '123321123', NULL, '202cb962ac59075b964b07152d234b70', 0, '../Public/images/header.jpg', '123', 1, '1978-01-01', '', '', '', '', '', '', '119.255.195.34', 1355969407, 1, 1355969407, '0', 0, 0, 0, 0, 0, NULL, 0, 0, NULL, NULL, NULL, NULL, NULL, NULL),
(504, '123123', NULL, '202cb962ac59075b964b07152d234b70', 0, '../Public/images/header.jpg', '312123', 2, '1978-01-01', '', '', '', '', '', '', '119.255.195.34', 1355969474, 1, 1355969474, '0', 0, 0, 0, 0, 0, NULL, 0, 0, NULL, NULL, NULL, NULL, NULL, NULL),
(505, '%20vvv', NULL, '202cb962ac59075b964b07152d234b70', 0, '../Public/images/header.jpg', 'yyy', 0, '1978-01-01', '', '', '', '', '', '', '61.232.9.178', 1355995476, 1, 0, '0', 0, 0, 0, 0, 0, NULL, 0, 0, NULL, NULL, NULL, NULL, NULL, NULL),
(506, 'poilk', NULL, 'e10adc3949ba59abbe56e057f20f883e', 0, '../Public/images/header.jpg', '789nn@.com', 0, '1978-01-01', '', '', '', '', '', '', '61.232.9.178', 1356001600, 1, 1356001627, '61.232.9.178', 0, 0, 0, 0, 0, NULL, 0, 0, NULL, NULL, NULL, NULL, NULL, NULL),
(507, 'asd', NULL, '7815696ecbf1c96e6894b779456d330e', 0, '../Public/images/header.jpg', 'asd', 0, '1978-01-01', '', '', '', '', '', '', '61.232.9.178', 1356052921, 1, 1356052921, '0', 0, 0, 0, 0, 0, NULL, 0, 0, NULL, NULL, NULL, NULL, NULL, NULL),
(508, 'gbhkbcn9oiik', NULL, '202cb962ac59075b964b07152d234b70', 0, '../Public/images/header.jpg', 'tgh7o.com', 0, '1978-01-01', '', '', '', '', '', '', '61.232.9.178', 1356054393, 1, 0, '0', 0, 0, 0, 0, 0, NULL, 0, 0, NULL, NULL, NULL, NULL, NULL, NULL),
(509, 'ttf', NULL, '310dcbbf4cce62f762a2aaa148d556bd', 0, '../Public/images/header.jpg', 'ffr', 0, '1978-01-01', '', '', '', '', '', '', '61.232.9.178', 1356054541, 1, 0, '0', 0, 0, 0, 0, 0, NULL, 0, 0, NULL, NULL, NULL, NULL, NULL, NULL),
(510, 'qianjuntestopp', NULL, 'd9f3ad3be2264b88700f0ca596b52ae1', 0, '../Public/images/header.jpg', 'horseiooppqijan@msn.com', 0, '1978-01-01', '', '', '', '', '', '', '61.232.9.178', 1356060269, 1, 0, '0', 0, 0, 0, 0, 0, NULL, 0, 0, NULL, NULL, NULL, NULL, NULL, NULL),
(511, 'mmmmkkkmm', NULL, 'ba248c985ace94863880921d8900c53f', 0, '../Public/images/header.jpg', 'mmmm@aaa.com', 0, '1978-01-01', '', '', '', '', '', '', '61.232.9.178', 1356060535, 1, 0, '0', 0, 0, 0, 0, 0, NULL, 0, 0, NULL, NULL, NULL, NULL, NULL, NULL),
(512, 'ooojhhkkb', NULL, '202cb962ac59075b964b07152d234b70', 0, '../Public/images/header.jpg', 'gjkcdhvbp', 0, '1978-01-01', '', '', '', '', '', '', '61.232.9.178', 1356060564, 1, 0, '0', 0, 0, 0, 0, 0, NULL, 0, 0, NULL, NULL, NULL, NULL, NULL, NULL),
(513, 'pihfjpppp', NULL, '7694f4a66316e53c8cdd9d9954bd611d', 0, '../Public/images/header.jpg', 'gghfcbbjkk@.con', 0, '1978-01-01', '', '', '', '', '', '', '61.232.9.178', 1356060585, 1, 0, '0', 0, 0, 0, 0, 0, NULL, 0, 0, NULL, NULL, NULL, NULL, NULL, NULL),
(514, '9hjiknmk', NULL, '202cb962ac59075b964b07152d234b70', 0, '../Public/images/header.jpg', 'yuim', 0, '1978-01-01', '', '', '', '', '', '', '61.232.9.178', 1356060716, 1, 0, '0', 0, 0, 0, 0, 0, NULL, 0, 0, NULL, NULL, NULL, NULL, NULL, NULL),
(515, '990hgui', NULL, '8e296a067a37563370ded05f5a3bf3ec', 0, '../Public/images/header.jpg', 'hjko', 0, '1978-01-01', '', '', '', '', '', '', '61.232.9.178', 1356060732, 1, 0, '0', 0, 0, 0, 0, 0, NULL, 0, 0, NULL, NULL, NULL, NULL, NULL, NULL),
(516, 'pojhgffhljjjhnbboo', NULL, '76d80224611fc919a5d54f0ff9fba446', 0, '../Public/images/header.jpg', 'ghvxghvvvjnbfhjjk', 0, '1978-01-01', '', '', '', '', '', '', '61.232.9.178', 1356060755, 1, 0, '0', 0, 0, 0, 0, 0, NULL, 0, 0, NULL, NULL, NULL, NULL, NULL, NULL),
(517, 'ojvhmkcjjvnmmm', NULL, '7694f4a66316e53c8cdd9d9954bd611d', 0, '../Public/images/header.jpg', 'hhjkn', 0, '1978-01-01', '', '', '', '', '', '', '61.232.9.178', 1356060775, 1, 0, '0', 0, 0, 0, 0, 0, NULL, 0, 0, NULL, NULL, NULL, NULL, NULL, NULL),
(518, 'pvhh', NULL, '7694f4a66316e53c8cdd9d9954bd611d', 0, '../Public/images/header.jpg', 'jhbgsdvnn', 0, '1978-01-01', '', '', '', '', '', '', '61.232.9.178', 1356060795, 1, 0, '0', 0, 0, 0, 0, 0, NULL, 0, 0, NULL, NULL, NULL, NULL, NULL, NULL),
(519, '889999', NULL, '76d80224611fc919a5d54f0ff9fba446', 0, '../Public/images/header.jpg', 'ggvvj', 0, '1978-01-01', '', '', '', '', '', '', '61.232.9.178', 1356060814, 1, 0, '0', 0, 0, 0, 0, 0, NULL, 0, 0, NULL, NULL, NULL, NULL, NULL, NULL),
(520, 'ｙｈｇｙ', NULL, '7694f4a66316e53c8cdd9d9954bd611d', 0, '../Public/images/header.jpg', 'ghjb', 0, '1978-01-01', '', '', '', '', '', '', '61.232.9.178', 1356061061, 1, 0, '0', 0, 0, 0, 0, 0, NULL, 0, 0, NULL, NULL, NULL, NULL, NULL, NULL),
(521, 'uhibhuhu', NULL, 'c4ca4238a0b923820dcc509a6f75849b', 0, '../Public/images/header.jpg', 'yuugjhkg', 0, '1978-01-01', '', '', '', '', '', '', '61.232.9.178', 1356061276, 1, 1356062499, '61.232.9.178', 0, 0, 0, 0, 0, NULL, 0, 0, NULL, NULL, NULL, NULL, NULL, NULL),
(522, 'hgvgnn', NULL, 'c4ca4238a0b923820dcc509a6f75849b', 0, '../Public/images/header.jpg', 'yuhyhhf', 0, '1978-01-01', '', '', '', '', '', '', '61.232.9.178', 1356061289, 1, 0, '0', 0, 0, 0, 0, 0, NULL, 0, 0, NULL, NULL, NULL, NULL, NULL, NULL),
(523, 'jujgbhjjg', NULL, 'c4ca4238a0b923820dcc509a6f75849b', 0, '../Public/images/header.jpg', '6hnbbn', 0, '1978-01-01', '', '', '', '', '', '', '61.232.9.178', 1356061304, 1, 1356062230, '61.232.9.178', 0, 0, 0, 0, 0, NULL, 0, 0, NULL, NULL, NULL, NULL, NULL, NULL),
(524, 'uufnhfyfyhj', NULL, 'c4ca4238a0b923820dcc509a6f75849b', 0, '../Public/images/header.jpg', 'egyhujhgn', 0, '1978-01-01', '', '', '', '', '', '', '61.232.9.178', 1356061319, 1, 1356062227, '61.232.9.178', 0, 0, 0, 0, 0, NULL, 0, 0, NULL, NULL, NULL, NULL, NULL, NULL),
(525, 'yhjttygubc', NULL, 'c4ca4238a0b923820dcc509a6f75849b', 0, '../Public/images/header.jpg', 'thbhugg', 0, '1978-01-01', '', '', '', '', '', '', '61.232.9.178', 1356061334, 1, 0, '0', 0, 0, 0, 0, 0, NULL, 0, 0, NULL, NULL, NULL, NULL, NULL, NULL),
(526, '6uy7hgh', NULL, 'c4ca4238a0b923820dcc509a6f75849b', 0, '../Public/images/header.jpg', 'bnhgv', 0, '1978-01-01', '', '', '', '', '', '', '61.232.9.178', 1356061349, 1, 0, '0', 0, 0, 0, 0, 0, NULL, 0, 0, NULL, NULL, NULL, NULL, NULL, NULL),
(527, 'yygggg', NULL, 'b2f5ff47436671b6e533d8dc3614845d', 0, '../Public/images/header.jpg', 'hg@ggg.com', 0, '1978-01-01', '', '', '', '', '', '', '61.232.9.178', 1356061421, 1, 0, '0', 0, 0, 0, 0, 0, NULL, 0, 0, NULL, NULL, NULL, NULL, NULL, NULL),
(528, 'gygc6bg', NULL, 'e4da3b7fbbce2345d7772b0674a318d5', 0, '../Public/images/header.jpg', 'fbfvyh', 0, '1978-01-01', '', '', '', '', '', '', '61.232.9.178', 1356061437, 1, 0, '0', 0, 0, 0, 0, 0, NULL, 0, 0, NULL, NULL, NULL, NULL, NULL, NULL),
(529, 'ghhhfffgb', NULL, 'b2f5ff47436671b6e533d8dc3614845d', 0, '../Public/images/header.jpg', 'gghhh@b.ccom', 0, '1978-01-01', '', '', '', '', '', '', '61.232.9.178', 1356061456, 1, 0, '0', 0, 0, 0, 0, 0, NULL, 0, 0, NULL, NULL, NULL, NULL, NULL, NULL),
(530, 'hhfrgncdfhcvv', NULL, '0cc175b9c0f1b6a831c399e269772661', 0, '../Public/images/header.jpg', 'ghhb', 0, '1978-01-01', '', '', '', '', '', '', '61.232.9.178', 1356061511, 1, 0, '0', 0, 0, 0, 0, 0, NULL, 0, 0, NULL, NULL, NULL, NULL, NULL, NULL),
(531, 'gvhvccxcbbczxvbv', NULL, '0cc175b9c0f1b6a831c399e269772661', 0, '../Public/images/header.jpg', 'cvvhxcbdxv', 0, '1978-01-01', '', '', '', '', '', '', '61.232.9.178', 1356061528, 1, 0, '0', 0, 0, 0, 0, 0, NULL, 0, 0, NULL, NULL, NULL, NULL, NULL, NULL),
(532, 'ggfhhh', NULL, '7694f4a66316e53c8cdd9d9954bd611d', 0, '../Public/images/header.jpg', 'gxhhgv', 0, '1978-01-01', '', '', '', '', '', '', '61.232.9.178', 1356061541, 1, 0, '0', 0, 0, 0, 0, 0, NULL, 0, 0, NULL, NULL, NULL, NULL, NULL, NULL),
(533, 'bhcdc', NULL, 'c4ca4238a0b923820dcc509a6f75849b', 0, '../Public/images/header.jpg', 'chb@vv', 0, '1978-01-01', '', '', '', '', '', '', '61.232.9.178', 1356061600, 1, 0, '0', 0, 0, 0, 0, 0, NULL, 0, 0, NULL, NULL, NULL, NULL, NULL, NULL),
(534, 'bhcdpc', NULL, 'c4ca4238a0b923820dcc509a6f75849b', 0, '../Public/images/header.jpg', 'chb@vvp', 0, '1978-01-01', '', '', '', '', '', '', '61.232.9.178', 1356061671, 1, 0, '0', 0, 0, 0, 0, 0, NULL, 0, 0, NULL, NULL, NULL, NULL, NULL, NULL),
(535, 'hhhhlllk', NULL, 'c4ca4238a0b923820dcc509a6f75849b', 0, '../Public/images/header.jpg', 'bbbbnb.com', 0, '1978-01-01', '', '', '', '', '', '', '61.232.9.178', 1356061799, 1, 1356061839, '61.232.9.178', 0, 0, 0, 0, 0, NULL, 0, 0, NULL, NULL, NULL, NULL, NULL, NULL),
(536, 'hhhhlllkj', NULL, 'c4ca4238a0b923820dcc509a6f75849b', 0, '../Public/images/header.jpg', 'bbbbnb.comj', 0, '1978-01-01', '', '', '', '', '', '', '61.232.9.178', 1356061939, 1, 0, '0', 0, 0, 0, 0, 0, NULL, 0, 0, NULL, NULL, NULL, NULL, NULL, NULL),
(537, 'jgggggjvggc', NULL, '0cc175b9c0f1b6a831c399e269772661', 0, '../Public/images/header.jpg', 'gvjgcvcf', 0, '1978-01-01', '', '', '', '', '', '', '61.232.9.178', 1356061999, 1, 0, '0', 0, 0, 0, 0, 0, NULL, 0, 0, NULL, NULL, NULL, NULL, NULL, NULL),
(538, 'hbvvvvvvv', NULL, '0cc175b9c0f1b6a831c399e269772661', 0, '../Public/images/header.jpg', 'hhvbbb', 0, '1978-01-01', '', '', '', '', '', '', '61.232.9.178', 1356062014, 1, 0, '0', 0, 0, 0, 0, 0, NULL, 0, 0, NULL, NULL, NULL, NULL, NULL, NULL),
(539, 'jjjjkkkkhjhhh', NULL, 'b2f5ff47436671b6e533d8dc3614845d', 0, '../Public/images/header.jpg', 'hh.comnnnn', 0, '1978-01-01', '', '', '', '', '', '', '61.232.9.178', 1356062076, 1, 0, '0', 0, 0, 0, 0, 0, NULL, 0, 0, NULL, NULL, NULL, NULL, NULL, NULL),
(540, 'hhhhhfffffff', NULL, 'b2f5ff47436671b6e533d8dc3614845d', 0, '../Public/images/header.jpg', 'kkkkkkhh@xcv', 0, '1978-01-01', '', '', '', '', '', '', '61.232.9.178', 1356066861, 1, 0, '0', 0, 0, 0, 0, 0, NULL, 0, 0, NULL, NULL, NULL, NULL, NULL, NULL),
(541, 'testhwxl', NULL, 'd9f3ad3be2264b88700f0ca596b52ae1', 0, '../Public/images/header.jpg', 'test@hotmail.com', 2, '1978-01-01', '', '', '', '', '', '', '61.232.9.178', 1356075209, 1, 1356075209, '0', 0, 0, 0, 0, 0, NULL, 0, 0, NULL, NULL, NULL, NULL, NULL, NULL),
(542, '99999', NULL, '202cb962ac59075b964b07152d234b70', 0, '../Public/images/header.jpg', '99999', 0, '1978-01-01', '', '', '', '', '', '', '61.232.9.178', 1356089034, 1, 1356089034, '0', 0, 0, 0, 0, 0, NULL, 0, 0, NULL, NULL, NULL, NULL, NULL, NULL),
(543, 'pppp00000', NULL, '202cb962ac59075b964b07152d234b70', 0, '../Public/images/header.jpg', 'pppp00000', 0, '1978-01-01', '', '', '', '', '', '', '61.232.9.178', 1356089072, 1, 1356089072, '0', 0, 0, 0, 0, 0, NULL, 0, 0, NULL, NULL, NULL, NULL, NULL, NULL),
(544, '790980@qq.com', NULL, '202cb962ac59075b964b07152d234b70', 0, '../Public/images/header.jpg', '790980@qq.com', 0, '1978-01-01', '', '', '', '', '', '', '61.148.244.47', 1356089864, 1, 0, '0', 0, 0, 0, 0, 0, NULL, 0, 0, NULL, NULL, NULL, NULL, NULL, NULL),
(545, '098780@ui.com', NULL, '202cb962ac59075b964b07152d234b70', 0, '../Public/images/header.jpg', '098780@ui.com', 0, '1978-01-01', '', '', '', '', '', '', '61.232.9.178', 1356090071, 1, 0, '0', 0, 0, 0, 0, 0, NULL, 0, 0, NULL, NULL, NULL, NULL, NULL, NULL),
(546, '79965@qq.com', NULL, '202cb962ac59075b964b07152d234b70', 0, '../Public/images/header.jpg', '79965@qq.com', 0, '1978-01-01', '', '', '', '', '', '', '61.232.9.178', 1356090134, 1, 0, '0', 0, 0, 0, 0, 0, NULL, 0, 0, NULL, NULL, NULL, NULL, NULL, NULL),
(547, '\Z\Z', NULL, 'f1ce6cda0059f6c1f6d0dff05c83a2e9', 0, '../Public/images/header.jpg', '335171074@.com', 0, '1978-01-01', '', '', '', '', '', '', '117.136.9.65', 1356092477, 1, 1356092506, '117.136.9.65', 0, 0, 0, 0, 0, NULL, 0, 0, NULL, NULL, NULL, NULL, NULL, NULL),
(548, 'ceshi001', NULL, '96e79218965eb72c92a549dd5a330112', 0, '../Public/images/header.jpg', '123456@vmarke.com', 0, '1978-01-01', '', '', '', '', '', '', '61.232.9.178', 1356096296, 1, 1356096296, '0', 0, 0, 0, 0, 0, NULL, 0, 0, NULL, NULL, NULL, NULL, NULL, NULL),
(549, '陈克明面条', NULL, '111111', 0, '../Public/images/header.jpg', '陈克明面条', 0, '1978-01-01', '143223142314', '', '', '', '', '', '', 1356101430, 1, 1356101430, '0', 0, 0, 0, 0, 0, NULL, 0, 1, NULL, NULL, NULL, NULL, NULL, NULL),
(550, 'horseqian@hotmail.com', NULL, 'b2f5ff47436671b6e533d8dc3614845d', 0, '../Public/images/header.jpg', 'giuuujj', 0, '1978-01-01', '', '', '', '', '', '', '211.146.12.38', 1356104527, 1, 1356104714, '211.146.12.38', 0, 0, 0, 0, 0, NULL, 0, 0, NULL, NULL, NULL, NULL, NULL, NULL),
(551, 'lightning', NULL, 'e10adc3949ba59abbe56e057f20f883e', 0, '../Public/images/header.jpg', '364080308@qq.com', 0, '1978-01-01', '', '', '', '', '', '', '61.232.9.178', 1356137758, 1, 1356137758, '0', 0, 0, 0, 0, 0, NULL, 0, 0, NULL, NULL, NULL, NULL, NULL, NULL),
(553, '苏丹淘淘', NULL, '1eb90a4c03d42beddde10e5bc3270e70', 0, '../Public/images/header.jpg', 'sdan1003@126.com', 0, '1978-01-01', '', '', '', '', '', '', '123.121.124.212', 1356140872, 1, 1356140872, '0', 0, 0, 0, 0, 0, NULL, 0, 0, NULL, NULL, NULL, NULL, NULL, NULL),
(561, 'kenkemin', NULL, '96e79218965eb72c92a549dd5a330112', 0, '../Public/images/header.jpg', '@', 0, '1978-01-01', '', '', '', '', '', '', '', 1356224271, 1, 1356224271, '0', 0, 0, 0, 0, 0, NULL, 0, 1, NULL, NULL, NULL, NULL, NULL, NULL),
(555, '华夏武', NULL, '8606400711f297e8d5d670a31f9f34f9', 0, '../Public/images/header.jpg', '47664587@qq.com', 0, '1978-01-01', '北京市', '', '', '', '', '', '', 1356142107, 1, 1356142107, '0', 0, 0, 0, 0, 0, NULL, 0, 1, NULL, NULL, NULL, NULL, NULL, NULL),
(556, 'horse@mff.com', NULL, 'ba248c985ace94863880921d8900c53f', 0, '../Public/images/header.jpg', 'horse@mff.com', 0, '1978-01-01', '', '', '', '', '', '', '61.232.9.178', 1356154916, 1, 1356154921, '61.232.9.178', 0, 0, 0, 0, 0, NULL, 0, 0, NULL, NULL, NULL, NULL, NULL, NULL),
(557, 'rggvy@.com', NULL, '202cb962ac59075b964b07152d234b70', 0, '../Public/images/header.jpg', 'rggvy@.com', 0, '1978-01-01', '', '', '', '', '', '', '61.232.9.178', 1356178272, 1, 1356178278, '61.232.9.178', 0, 0, 0, 0, 0, NULL, 0, 0, NULL, NULL, NULL, NULL, NULL, NULL),
(559, 'test', NULL, '6074c6aa3488f3c2dddff2a7ca821aab', 0, '../Public/images/header.jpg', '@', 0, '1978-01-01', '', '', '', '', '', '', '', 1356188121, 1, 1356188121, '0', 0, 0, 0, 0, 0, NULL, 0, 1, NULL, NULL, NULL, NULL, NULL, NULL),
(560, '627896420@qq.com', 'Monstar', 'beacc4ab38ed88e223b0359c13e0b0fc', 0, '../Public/images/header.jpg', '627896420@qq.com', 0, '1978-01-01', '', '', '', '', '', '', '114.247.10.81', 1356219914, 1, 1356219919, '114.247.10.81', 0, 0, 0, 0, 0, NULL, 0, 0, NULL, NULL, NULL, NULL, NULL, NULL),
(562, 'sunxinqiang', NULL, 'b88acc32ef7ccbf8c56e375b44fe193c', 180, '../Public/images/header.jpg', 'sunxinqiang123@126.com', 0, '1978-01-01', '', '', '', '', '', '', '61.232.9.178', 1356224759, 1, 1358999886, '61.232.9.187', 0, 0, 0, 0, 0, NULL, 0, 0, NULL, NULL, NULL, NULL, NULL, NULL),
(563, '张贝健身（亦庄区店）', NULL, '96e79218965eb72c92a549dd5a330112', 0, '../Public/images/header.jpg', '@', 0, '1978-01-01', '', '', '', '', '', '', '', 1356225873, 1, 1356225873, '0', 0, 0, 0, 0, 0, NULL, 0, 1, NULL, NULL, NULL, NULL, NULL, NULL),
(564, 'testypumaul.com', NULL, '437599f1ea3514f8969f161a6606ce18', 0, '../Public/images/header.jpg', 'testypumaul.com', 0, '1978-01-01', '', '', '', '', '', '', '61.232.9.178', 1356227071, 1, 1356227085, '61.232.9.178', 0, 0, 0, 0, 0, NULL, 0, 0, NULL, NULL, NULL, NULL, NULL, NULL),
(565, '马建良', NULL, '2d70e66962bb0eaddd181e1c73090c7c', 0, '../Public/images/header.jpg', '13513360581@139.com', 0, '1978-01-01', '', '', '', '', '', '', '211.103.82.170', 1356229330, 1, 1356231975, '211.103.82.170', 0, 0, 0, 0, 0, NULL, 0, 0, NULL, NULL, NULL, NULL, NULL, NULL),
(566, '小本', NULL, '8606400711f297e8d5d670a31f9f34f9', 0, '../Public/images/header.jpg', '@', 0, '1978-01-01', '', '', '', '', '', '', '', 1356244077, 1, 1356244077, '0', 0, 0, 0, 0, 0, NULL, 0, 1, NULL, NULL, NULL, NULL, NULL, NULL),
(567, '花腰餐厅', '树尔灬', '1d69679cc44b7dca97bd402107891251', 0, '../Public/images/header.jpg', '627896420@qq.com', 1, '1994-09-07', '请输入详细地址', '北京', '北京', '朝阳区', '', '', '', 1356248095, 1, 1356535115, '123.120.54.71', 0, 0, 0, 0, 0, '15652906540', 0, 1, '郭子超', '', NULL, NULL, NULL, NULL),
(568, '小庄', NULL, 'e2d6f0fae4e58be079b3cbe9d06565ea', 0, '../Public/images/header.jpg', '@', 0, '1978-01-01', '', '', '', '', '', '', '', 1356248798, 1, 1356248798, '0', 0, 0, 0, 0, 0, NULL, 0, 1, NULL, NULL, NULL, NULL, NULL, NULL),
(569, '41441506@qq.com', 'ruier', '97361132e4174eb81a1c4a578f6ecdbf', 0, '../Public/images/header.jpg', '41441506@qq.com', 0, '1978-01-01', '', '', '', '', '', '', '111.194.64.137', 1356252491, 1, 1356253021, '111.194.64.137', 0, 0, 0, 0, 0, NULL, 0, 0, NULL, NULL, NULL, NULL, NULL, NULL),
(570, 'ruier', '蕊儿', '97361132e4174eb81a1c4a578f6ecdbf', 0, '../Public/images/header.jpg', '41441506@qq.com', 2, '1986-04-10', '', '北京', '北京', '大兴区', '', '', '111.194.64.137', 1356252677, 1, 1356254531, '111.194.64.137', 0, 0, 0, 0, 0, '', 0, 0, '张钰', '', NULL, NULL, NULL, NULL),
(571, 'ymeobswg', NULL, '1f1767b5696e79116b11ecc7f2882783', 0, '../Public/images/header.jpg', 'sample@email.tst', 0, '1978-01-01', '', '', '', '', '', '', '61.135.152.211', 1356318455, 1, 1356318667, '61.135.152.211', 0, 0, 0, 0, 0, NULL, 0, 0, NULL, NULL, NULL, NULL, NULL, NULL),
(572, 'npiufows', NULL, '1f1767b5696e79116b11ecc7f2882783', 0, '../Public/images/header.jpg', 'response.write(9327158*9959379)', 0, '1978-01-01', '', '', '', '', '', '', '61.135.152.211', 1356318549, 1, 1356318549, '0', 0, 0, 0, 0, 0, NULL, 0, 0, NULL, NULL, NULL, NULL, NULL, NULL),
(573, 'fhwblllq', NULL, '1f1767b5696e79116b11ecc7f2882783', 0, '../Public/images/header.jpg', '\r\n SomeCustomInjectedHeader:injected_by_wvs', 0, '1978-01-01', '', '', '', '', '', '', '61.135.152.211', 1356318550, 1, 1356318550, '0', 0, 0, 0, 0, 0, NULL, 0, 0, NULL, NULL, NULL, NULL, NULL, NULL),
(574, 'dpmhcycx', NULL, '1f1767b5696e79116b11ecc7f2882783', 0, '../Public/images/header.jpg', '&cat /etc/passwd&', 0, '1978-01-01', '', '', '', '', '', '', '61.135.152.211', 1356318553, 1, 1356318666, '61.135.152.211', 0, 0, 0, 0, 0, NULL, 0, 0, NULL, NULL, NULL, NULL, NULL, NULL),
(575, 'nyuhdhuh', NULL, '1f1767b5696e79116b11ecc7f2882783', 0, '../Public/images/header.jpg', 'sample%40email.tst', 0, '1978-01-01', '', '', '', '', '', '', '61.135.152.211', 1356318553, 1, 1356318553, '0', 0, 0, 0, 0, 0, NULL, 0, 0, NULL, NULL, NULL, NULL, NULL, NULL),
(576, 'uthduphl', NULL, '1f1767b5696e79116b11ecc7f2882783', 0, '../Public/images/header.jpg', '${100368+99663}', 0, '1978-01-01', '', '', '', '', '', '', '61.135.152.211', 1356318555, 1, 1356318555, '0', 0, 0, 0, 0, 0, NULL, 0, 0, NULL, NULL, NULL, NULL, NULL, NULL),
(577, 'svpiuxlw', NULL, '1f1767b5696e79116b11ecc7f2882783', 0, '../Public/images/header.jpg', '', 0, '1978-01-01', '', '', '', '', '', '', '61.135.152.211', 1356318557, 1, 1356318658, '61.135.152.211', 0, 0, 0, 0, 0, NULL, 0, 0, NULL, NULL, NULL, NULL, NULL, NULL),
(578, 'xrblrnfw', NULL, '1f1767b5696e79116b11ecc7f2882783', 0, '../Public/images/header.jpg', '../../../../../../../../../../etc/passwd', 0, '1978-01-01', '', '', '', '', '', '', '61.135.152.211', 1356318557, 1, 1356318681, '61.135.152.211', 0, 0, 0, 0, 0, NULL, 0, 0, NULL, NULL, NULL, NULL, NULL, NULL),
(579, 'tppffcnd', NULL, '1f1767b5696e79116b11ecc7f2882783', 0, '../Public/images/header.jpg', 'http://some-inexistent-website.acu/some_inexistent', 0, '1978-01-01', '', '', '', '', '', '', '61.135.152.211', 1356318558, 1, 1356318558, '0', 0, 0, 0, 0, 0, NULL, 0, 0, NULL, NULL, NULL, NULL, NULL, NULL),
(580, 'xhgcrxln', NULL, '1f1767b5696e79116b11ecc7f2882783', 0, '../Public/images/header.jpg', 'sample@email.tst&n959392=v942134', 0, '1978-01-01', '', '', '', '', '', '', '61.135.152.211', 1356318559, 1, 1356318559, '0', 0, 0, 0, 0, 0, NULL, 0, 0, NULL, NULL, NULL, NULL, NULL, NULL),
(581, 'ffiariio', NULL, '1f1767b5696e79116b11ecc7f2882783', 0, '../Public/images/header.jpg', ')', 0, '1978-01-01', '', '', '', '', '', '', '61.135.152.211', 1356318560, 1, 1356318664, '61.135.152.211', 0, 0, 0, 0, 0, NULL, 0, 0, NULL, NULL, NULL, NULL, NULL, NULL),
(582, 'pnusrubn', NULL, '1f1767b5696e79116b11ecc7f2882783', 0, '../Public/images/header.jpg', '@', 0, '1978-01-01', '', '', '', '', '', '', '61.135.152.211', 1356318563, 1, 1356318563, '0', 0, 0, 0, 0, 0, NULL, 0, 0, NULL, NULL, NULL, NULL, NULL, NULL),
(583, 'dymavuio', NULL, '1f1767b5696e79116b11ecc7f2882783', 0, '../Public/images/header.jpg', ';print(md5(acunetix_wvs_security_test));', 0, '1978-01-01', '', '', '', '', '', '', '61.135.152.211', 1356318567, 1, 1356318676, '61.135.152.211', 0, 0, 0, 0, 0, NULL, 0, 0, NULL, NULL, NULL, NULL, NULL, NULL),
(584, 'gdqtjbxc', NULL, '1f1767b5696e79116b11ecc7f2882783', 0, '../Public/images/header.jpg', 'http://testasp.vulnweb.com/t/xss.html?%00.tst', 0, '1978-01-01', '', '', '', '', '', '', '61.135.152.211', 1356318567, 1, 1356318567, '0', 0, 0, 0, 0, 0, NULL, 0, 0, NULL, NULL, NULL, NULL, NULL, NULL),
(585, 'nlvctnam', NULL, '1f1767b5696e79116b11ecc7f2882783', 0, '../Public/images/header.jpg', '))))))))))))))))))))))))))))))))))))))))))))))))))', 0, '1978-01-01', '', '', '', '', '', '', '61.135.152.211', 1356318570, 1, 1356318570, '0', 0, 0, 0, 0, 0, NULL, 0, 0, NULL, NULL, NULL, NULL, NULL, NULL),
(586, 'wwtsslqk', NULL, '1f1767b5696e79116b11ecc7f2882783', 0, '../Public/images/header.jpg', 'acunetix_wvs_invalid_filename', 0, '1978-01-01', '', '', '', '', '', '', '61.135.152.211', 1356318571, 1, 1356318683, '61.135.152.211', 0, 0, 0, 0, 0, NULL, 0, 0, NULL, NULL, NULL, NULL, NULL, NULL),
(587, 'qotdbfxj', NULL, '1f1767b5696e79116b11ecc7f2882783', 0, '../Public/images/header.jpg', '1''"', 0, '1978-01-01', '', '', '', '', '', '', '61.135.152.211', 1356318573, 1, 1356318573, '0', 0, 0, 0, 0, 0, NULL, 0, 0, NULL, NULL, NULL, NULL, NULL, NULL),
(588, 'wsrefpuv', NULL, '1f1767b5696e79116b11ecc7f2882783', 0, '../Public/images/header.jpg', '//www.acunetix.tst', 0, '1978-01-01', '', '', '', '', '', '', '61.135.152.211', 1356318573, 1, 1356318686, '61.135.152.211', 0, 0, 0, 0, 0, NULL, 0, 0, NULL, NULL, NULL, NULL, NULL, NULL),
(589, 'eonoasyc', NULL, '1f1767b5696e79116b11ecc7f2882783', 0, '../Public/images/header.jpg', '<?xml version="1.0" encoding="utf-8"?>\r\n<!DOCTYPE ', 0, '1978-01-01', '', '', '', '', '', '', '61.135.152.211', 1356318581, 1, 1356318581, '0', 0, 0, 0, 0, 0, NULL, 0, 0, NULL, NULL, NULL, NULL, NULL, NULL),
(590, 'puijsxuw', NULL, '1f1767b5696e79116b11ecc7f2882783', 0, '../Public/images/header.jpg', '''"', 0, '1978-01-01', '', '', '', '', '', '', '61.135.152.211', 1356318585, 1, 1356318585, '0', 0, 0, 0, 0, 0, NULL, 0, 0, NULL, NULL, NULL, NULL, NULL, NULL),
(591, 'laxopekc', NULL, '1f1767b5696e79116b11ecc7f2882783', 0, '../Public/images/header.jpg', '''"()&%1<ScRiPt >prompt(921450)</ScRiPt>', 0, '1978-01-01', '', '', '', '', '', '', '61.135.152.211', 1356318586, 1, 1356318586, '0', 0, 0, 0, 0, 0, NULL, 0, 0, NULL, NULL, NULL, NULL, NULL, NULL),
(592, '金东振', NULL, '866d53f8d9efa95cc28569d7fa6813ec', 0, '/data/Uploads/1356321198.jpg', '635516398@qq.com', 0, '1978-01-01', '', '', '', '', '', '', '124.205.200.90', 1356320433, 1, 1356338758, '124.205.200.90', 0, 0, 0, 0, 0, NULL, 0, 0, NULL, NULL, NULL, NULL, NULL, NULL),
(593, '金品课程', NULL, 'e2d6f0fae4e58be079b3cbe9d06565ea', 0, '../Public/images/header.jpg', '@', 0, '1978-01-01', '', '', '', '', '', '', '', 1356323069, 1, 1356323069, '0', 0, 0, 0, 0, 0, NULL, 0, 1, NULL, NULL, NULL, NULL, NULL, NULL),
(594, '牛仔', NULL, '202cb962ac59075b964b07152d234b70', 0, '../Public/images/header.jpg', 'Ttt', 0, '1978-01-01', '', '', '', '', '', '', '61.232.9.178', 1356326201, 1, 0, '0', 0, 0, 0, 0, 0, NULL, 0, 0, NULL, NULL, NULL, NULL, NULL, NULL),
(595, '熊猫店', NULL, '250cf8b51c773f3f8dc8b4be867a9a02', 0, '../Public/images/header.jpg', '@', 0, '1978-01-01', '', '', '', '', '', '', '', 1356330758, 1, 1356330758, '0', 0, 0, 0, 0, 0, NULL, 0, 1, NULL, NULL, NULL, NULL, NULL, NULL),
(596, '事实上', '万岁', '202cb962ac59075b964b07152d234b70', 0, '../Public/images/header.jpg', 'eww', 0, '1978-01-01', '', '', '', '', '', '', '61.232.9.178', 1356335500, 1, 1357831613, '114.249.237.121', 0, 0, 0, 0, 0, NULL, 0, 0, NULL, NULL, NULL, NULL, NULL, NULL),
(597, '小灰灰店', NULL, '250cf8b51c773f3f8dc8b4be867a9a02', 0, '../Public/images/header.jpg', '@', 0, '1978-01-01', '', '', '', '', '', '', '', 1356343957, 1, 1356343957, '0', 0, 0, 0, 0, 0, NULL, 0, 1, NULL, NULL, NULL, NULL, NULL, NULL),
(598, 'xiaoxiaoxiong', NULL, '250cf8b51c773f3f8dc8b4be867a9a02', 0, '../Public/images/header.jpg', 'xiaoxiaoxiong@qq.com', 0, '1978-01-01', '', '', '', '', '', '', '61.232.9.178', 1356402631, 1, 1356402631, '0', 0, 0, 0, 0, 0, NULL, 0, 0, NULL, NULL, NULL, NULL, NULL, NULL),
(599, '无忧天下', NULL, '92b617210125e98312e618b2bd3350f9', 0, '../Public/images/header.jpg', 'zc_lf@189.cn', 0, '1978-01-01', '', '', '', '', '', '', '106.2.162.58', 1356406340, 1, 1356406340, '0', 0, 0, 0, 0, 0, NULL, 0, 0, NULL, NULL, NULL, NULL, NULL, NULL),
(600, 'uuvkn.com', '那么，真就该', '202cb962ac59075b964b07152d234b70', 0, '../Public/images/header.jpg', 'uuvkn.com', 0, '1978-01-01', '', '', '', '', '', '', '61.232.9.178', 1356412477, 1, 1356412480, '61.232.9.178', 0, 0, 0, 0, 0, NULL, 0, 0, NULL, NULL, NULL, NULL, NULL, NULL),
(601, 'h?jjnkkjnn', '?????', '202cb962ac59075b964b07152d234b70', 0, '../Public/images/header.jpg', '', 0, '1978-01-01', '', '', '', '', '', '', '61.232.9.178', 1356412552, 1, 1356413221, '61.232.9.178', 0, 0, 0, 0, 0, NULL, 0, 0, NULL, NULL, NULL, NULL, NULL, NULL),
(602, '陈克明面条店', NULL, '96e79218965eb72c92a549dd5a330112', 0, '../Public/images/header.jpg', '@', 0, '1978-01-01', '', '', '', '', '', '', '', 1356413243, 1, 1356413243, '0', 0, 0, 0, 0, 0, NULL, 0, 1, NULL, NULL, NULL, NULL, NULL, NULL),
(603, 'ddd@126.com', '???', '202cb962ac59075b964b07152d234b70', 0, '../Public/images/header.jpg', 'ddd@126.com', 0, '1978-01-01', '', '', '', '', '', '', '61.232.9.178', 1356414630, 1, 1356414633, '61.232.9.178', 0, 0, 0, 0, 0, NULL, 0, 0, NULL, NULL, NULL, NULL, NULL, NULL),
(604, 'dfg@245.com', '???', '202cb962ac59075b964b07152d234b70', 0, '../Public/images/header.jpg', 'fgijkhh', 0, '1978-01-01', '', '', '', '', '', '', '61.232.9.178', 1356414836, 1, 0, '0', 0, 0, 0, 0, 0, NULL, 0, 0, NULL, NULL, NULL, NULL, NULL, NULL),
(605, 'ert@1.com', '????', '202cb962ac59075b964b07152d234b70', 0, '../Public/images/header.jpg', 'ert@1.com', 0, '1978-01-01', '', '', '', '', '', '', '61.232.9.178', 1356415221, 1, 1356415225, '61.232.9.178', 0, 0, 0, 0, 0, NULL, 0, 0, NULL, NULL, NULL, NULL, NULL, NULL),
(606, 'ryuk@23.com', '?????', '202cb962ac59075b964b07152d234b70', 0, '../Public/images/header.jpg', 'ryuk@23.com', 0, '1978-01-01', '', '', '', '', '', '', '61.232.9.178', 1356415567, 1, 1356415571, '61.232.9.178', 0, 0, 0, 0, 0, NULL, 0, 0, NULL, NULL, NULL, NULL, NULL, NULL),
(607, 'dgkl@23.com', '但感觉女交接', '202cb962ac59075b964b07152d234b70', 0, '../Public/images/header.jpg', 'dgkl@23.com', 0, '1978-01-01', '', '', '', '', '', '', '61.232.9.178', 1356416849, 1, 1356417881, '61.232.9.178', 0, 0, 0, 0, 0, NULL, 0, 0, NULL, NULL, NULL, NULL, NULL, NULL),
(608, 'fgjjkj@13.com', '方宏进家园', '202cb962ac59075b964b07152d234b70', 0, '../Public/images/header.jpg', 'fgjjkj@13.com', 0, '1978-01-01', '', '', '', '', '', '', '61.232.9.178', 1356418165, 1, 1356418167, '61.232.9.178', 0, 0, 0, 0, 0, NULL, 0, 0, NULL, NULL, NULL, NULL, NULL, NULL),
(609, '7@yhhft', '吃', 'e10adc3949ba59abbe56e057f20f883e', 0, '../Public/images/header.jpg', '7@yhhft', 0, '1978-01-01', '', '', '', '', '', '', '61.232.9.178', 1356421084, 1, 1356421187, '61.232.9.178', 0, 0, 0, 0, 0, NULL, 0, 0, NULL, NULL, NULL, NULL, NULL, NULL),
(610, '47664587111', NULL, '8606400711f297e8d5d670a31f9f34f9', 0, '../Public/images/header.jpg', '47664587111', 0, '1978-01-01', '', '', '', '', '', '', '61.232.9.178', 1356423790, 1, 1356423790, '0', 0, 0, 0, 0, 0, NULL, 0, 0, NULL, NULL, NULL, 40, NULL, NULL),
(611, '黄秀', NULL, '6b9496acbd3cbc03012c18be4f6debb4', 0, '../Public/images/header.jpg', 'lll', 0, '1978-01-01', '', '', '', '', '', '', '123.235.38.6', 1356446029, 1, 0, '0', 0, 0, 0, 0, 0, NULL, 0, 0, NULL, NULL, NULL, NULL, NULL, NULL),
(612, 'dgjj@35.com', '与机会吗', '202cb962ac59075b964b07152d234b70', 0, '../Public/images/header.jpg', 'dgjj@35.com', 0, '1978-01-01', '', '', '', '', '', '', '61.232.9.178', 1356490460, 1, 1356490465, '61.232.9.178', 0, 0, 0, 0, 0, NULL, 0, 0, NULL, NULL, NULL, NULL, NULL, NULL),
(613, '化名', NULL, 'e10adc3949ba59abbe56e057f20f883e', 0, '../Public/images/header.jpg', '@', 0, '1978-01-01', '', '', '', '', '', '', '', 1356501358, 1, 1356501358, '0', 0, 0, 0, 0, 0, NULL, 0, 1, NULL, NULL, NULL, NULL, NULL, NULL),
(614, '415237930@qq.com', 'suxiaoqia', '5bfab81a2c3215b975ae11e5aa838534', 808.01, '/data/Uploads/1358414529.png', '415237930@qq.com', 1, '0000-00-00', '请输入详细地址', '上海', '上海', '黄浦区', '', '', '61.232.9.178', 1356513806, 1, 1362048791, '61.232.9.187', 0, 0, 0, 0, 0, '', 0, 0, '苏小强', '350521198603021234', NULL, NULL, NULL, NULL),
(615, '%E7%A6%BB', NULL, 'f0a4058fd33489695d53df156b77c724', 0, '../Public/images/header.jpg', 'uuu', 0, '1978-01-01', '', '', '', '', '', '', '125.39.68.50', 1356532664, 1, 0, '0', 0, 0, 0, 0, 0, NULL, 0, 0, NULL, NULL, NULL, NULL, NULL, NULL),
(616, '%E9%94%88', NULL, 'c70fd4260c9eb90bc0ba9d047c068eb8', 0, '../Public/images/header.jpg', 'llllll', 0, '1978-01-01', '', '', '', '', '', '', '125.39.68.50', 1356538586, 1, 0, '0', 0, 0, 0, 0, 0, NULL, 0, 0, NULL, NULL, NULL, NULL, NULL, NULL),
(617, '锈', NULL, 'c70fd4260c9eb90bc0ba9d047c068eb8', 0, '../Public/images/header.jpg', 'llllllllllll', 0, '1978-01-01', '', '', '', '', '', '', '125.39.68.50', 1356538623, 1, 0, '0', 0, 0, 0, 0, 0, NULL, 0, 0, NULL, NULL, NULL, NULL, NULL, NULL),
(618, 'HhhhhHHH', NULL, '202cb962ac59075b964b07152d234b70', 0, '../Public/images/header.jpg', 'HhhhhHHH', 0, '1978-01-01', '', '', '', '', '', '', '', 1356675728, 1, 1356675728, '0', 0, 0, 0, 0, 0, NULL, 0, 1, NULL, NULL, NULL, NULL, NULL, NULL),
(619, '成都美食', '成都美食', 'e10adc3949ba59abbe56e057f20f883e', 0, '/data/Uploads/1356676900.jpg', '@', 0, '1978-01-01', '请输入详细地址', '北京', '北京', '朝阳区', '', '', '', 1356676585, 1, 1357203031, '61.232.9.178', 0, 0, 0, 0, 0, '', 0, 1, '', '', NULL, NULL, NULL, NULL),
(620, '涩妞', '涩妞', 'e10adc3949ba59abbe56e057f20f883e', 0, '/data/Uploads/1356677052.jpg', '@', 0, '1978-01-01', '朝阳区传媒大学天客隆附近', '北京', '北京', '朝阳区', '', '', '', 1356677000, 1, 1356677000, '0', 0, 0, 0, 0, 0, '18201323332', 0, 1, '', '', NULL, NULL, NULL, NULL),
(621, '红蜻蜓', '红蜻蜓', 'e10adc3949ba59abbe56e057f20f883e', 0, '/data/Uploads/1356677467.jpg', '@', 0, '1978-01-01', '朝阳区传媒大学天客隆附近', '北京', '北京', '朝阳区', '', '', '', 1356677282, 1, 1356677282, '0', 0, 0, 0, 0, 0, '65798202', 0, 1, '', '', NULL, NULL, NULL, NULL),
(622, '14561564165156', NULL, '96e79218965eb72c92a549dd5a330112', 0, '../Public/images/header.jpg', 'zhuyasdasfd@163.com', 0, '1978-01-01', '', '', '', '', '', '', '61.232.9.178', 1356677351, 1, 1356677351, '0', 0, 0, 0, 0, 0, NULL, 0, 0, NULL, NULL, NULL, NULL, NULL, NULL),
(623, '545489411541564', NULL, '96e79218965eb72c92a549dd5a330112', 0, '../Public/images/header.jpg', '@', 0, '1978-01-01', '', '', '', '', '', '', '', 1356677403, 1, 1356677403, '0', 0, 0, 0, 0, 0, NULL, 0, 1, NULL, NULL, NULL, NULL, NULL, NULL),
(624, 'Solo女装', 'Solo女装', 'e10adc3949ba59abbe56e057f20f883e', 0, '/data/Uploads/1356677688.jpg', '@', 0, '1978-01-01', '朝阳区传媒大学南路', '北京', '北京', '朝阳区', '', '', '', 1356677517, 1, 1356677517, '0', 0, 0, 0, 0, 0, '15810215530', 0, 1, '', '', NULL, NULL, NULL, NULL),
(625, 'KS十字绣', 'KS十字绣', 'e10adc3949ba59abbe56e057f20f883e', 0, '/data/Uploads/1356677853.jpg', '@', 0, '1978-01-01', '朝阳区传媒大学南路', '北京', '北京', '朝阳区', '', '', '', 1356677790, 1, 1356677790, '0', 0, 0, 0, 0, 0, '13810761736', 0, 1, '', '', NULL, NULL, NULL, NULL),
(626, '左渡日本料理', '左渡日本料理', 'e10adc3949ba59abbe56e057f20f883e', 0, '/data/Uploads/1356678042.jpg', '@', 0, '1978-01-01', '朝阳区传媒大学南路', '北京', '北京', '朝阳区', '', '', '', 1356677949, 1, 1356677949, '0', 0, 0, 0, 0, 0, '13520000298', 0, 1, '', '', NULL, NULL, NULL, NULL),
(627, '老地方烧烤', '老地方烧烤', 'e10adc3949ba59abbe56e057f20f883e', 0, '/data/Uploads/1356678301.jpg', '@', 1, '1978-01-01', '朝阳区定福庄西街', '北京', '北京', '朝阳区', '', '', '', 1356678171, 1, 1357201083, '61.232.9.178', 0, 0, 0, 0, 0, '13691245194', 0, 1, '', '', NULL, NULL, NULL, NULL),
(628, '山西面馆', '山西面馆', 'e10adc3949ba59abbe56e057f20f883e', 0, '/data/Uploads/1356678513.jpg', '@', 0, '1978-01-01', '朝阳区定福庄地铁口、', '北京', '北京', '朝阳区', '', '', '', 1356678427, 1, 1356678427, '0', 0, 0, 0, 0, 0, '18611860209', 0, 1, '', '', NULL, NULL, NULL, NULL),
(629, '杭州小吃', NULL, 'e10adc3949ba59abbe56e057f20f883e', 0, '../Public/images/header.jpg', '@', 0, '1978-01-01', '', '', '', '', '', '', '', 1356679070, 1, 1356679070, '0', 0, 0, 0, 0, 0, NULL, 0, 1, NULL, NULL, NULL, NULL, NULL, NULL),
(630, '415641564564654564', NULL, '96e79218965eb72c92a549dd5a330112', 0, '../Public/images/header.jpg', '@', 0, '1978-01-01', '', '', '', '', '', '', '', 1356679373, 1, 1356679373, '0', 0, 0, 0, 0, 0, NULL, 0, 1, NULL, NULL, NULL, NULL, NULL, NULL),
(631, 'automenu503', NULL, '1d69679cc44b7dca97bd402107891251', 0, '../Public/images/header.jpg', '549359272@qq.com', 0, '1978-01-01', '', '', '', '', '', '', '61.232.9.178', 1356680422, 1, 1356680422, '0', 0, 0, 0, 0, 0, NULL, 0, 0, NULL, NULL, NULL, NULL, NULL, NULL),
(632, '花腰餐吧', '', 'e10adc3949ba59abbe56e057f20f883e', 0, '../Public/images/header.jpg', '@', 0, '1978-01-01', '请输入详细地址', '', '', '', '', '', '', 1356680529, 1, 1356680529, '0', 0, 0, 0, 0, 0, '', 0, 1, '', '', NULL, NULL, NULL, NULL),
(633, '测试商家1', NULL, 'd9f3ad3be2264b88700f0ca596b52ae1', 0, '../Public/images/header.jpg', '@', 0, '1978-01-01', '', '', '', '', '', '', '', 1356680724, 1, 1356680724, '0', 0, 0, 0, 0, 0, NULL, 0, 1, NULL, NULL, NULL, NULL, NULL, NULL),
(634, '知味浓', '', 'e10adc3949ba59abbe56e057f20f883e', 0, '/data/Uploads/1356681188.jpg', '@', 0, '1978-01-01', '朝阳区定福庄西街', '北京', '北京', '朝阳区', '', '', '', 1356681080, 1, 1356681080, '0', 0, 0, 0, 0, 0, '13521781171', 0, 1, '', '', NULL, NULL, NULL, NULL),
(635, 'admin', NULL, '4297f44b13955235245b2497399d7a93', 0, '../Public/images/header.jpg', '138508970@qq.com', 0, '1978-01-01', '', '', '', '', '', '', '111.192.159.2', 1356681646, 1, 1356681646, '0', 0, 0, 0, 0, 0, NULL, 0, 0, NULL, NULL, NULL, NULL, NULL, NULL),
(636, '15461564654', NULL, '96e79218965eb72c92a549dd5a330112', 0, '../Public/images/header.jpg', '@', 0, '1978-01-01', '', '', '', '', '', '', '', 1356681844, 1, 1356681844, '0', 0, 0, 0, 0, 0, NULL, 0, 1, NULL, NULL, NULL, NULL, NULL, NULL),
(637, '酷包库', NULL, 'e10adc3949ba59abbe56e057f20f883e', 0, '../Public/images/header.jpg', '@', 0, '1978-01-01', '', '', '', '', '', '', '', 1356682448, 1, 1356682448, '0', 0, 0, 0, 0, 0, NULL, 0, 1, NULL, NULL, NULL, NULL, NULL, NULL),
(638, 'QQ饭桶', NULL, 'e10adc3949ba59abbe56e057f20f883e', 0, '../Public/images/header.jpg', '@', 0, '1978-01-01', '', '', '', '', '', '', '', 1356682998, 1, 1356682998, '0', 0, 0, 0, 0, 0, NULL, 0, 1, NULL, NULL, NULL, NULL, NULL, NULL),
(639, 'zhaoyue123123', NULL, '96e79218965eb72c92a549dd5a330112', 0, '../Public/images/header.jpg', '@', 0, '1978-01-01', '', '', '', '', '', '', '', 1356683476, 1, 1356683476, '0', 0, 0, 0, 0, 0, NULL, 0, 1, NULL, NULL, NULL, NULL, NULL, NULL),
(640, '0', NULL, 'd41d8cd98f00b204e9800998ecf8427e', 0, '../Public/images/header.jpg', '@', 0, '1978-01-01', '', '', '', '', '', '', '61.232.9.178', 1356683605, 1, 1356683605, '0', 0, 0, 0, 0, 0, NULL, 0, 0, NULL, NULL, NULL, NULL, NULL, NULL),
(641, '1111111', NULL, '7fa8282ad93047a4d6fe6111c93b308a', 0, '../Public/images/header.jpg', '@', 0, '1978-01-01', '', '', '', '', '', '', '', 1356683720, 1, 1356683720, '0', 0, 0, 0, 0, 0, NULL, 0, 1, NULL, NULL, NULL, NULL, NULL, NULL);
INSERT INTO `pp_user` (`id`, `name`, `nickname`, `passwd`, `money`, `img`, `email`, `sex`, `brithday`, `address`, `province`, `city`, `area`, `blog`, `info`, `ip`, `add_time`, `status`, `last_time`, `last_ip`, `share_num`, `like_num`, `follow_num`, `fans_num`, `album_num`, `tel`, `user_level`, `user_auth_level`, `truename`, `idcard`, `hobby`, `recommender`, `connectid`, `from`) VALUES
(642, '爱荷华农庄', NULL, 'e10adc3949ba59abbe56e057f20f883e', 0, '../Public/images/header.jpg', '@', 0, '1978-01-01', '', '', '', '', '', '', '', 1356684560, 1, 1356684560, '0', 0, 0, 0, 0, 0, NULL, 0, 1, NULL, NULL, NULL, NULL, NULL, NULL),
(643, 'pengshuang', NULL, '8606400711f297e8d5d670a31f9f34f9', 0, '../Public/images/header.jpg', '476645871@qq.com', 0, '1978-01-01', '', '', '', '', '', '', '61.232.9.178', 1356686223, 1, 1361938647, '61.232.9.187', 0, 0, 0, 0, 0, NULL, 0, 0, NULL, NULL, NULL, 40, NULL, NULL),
(644, 'qlf1227@126.com', NULL, '35067fb8c94565de4e436219e5dcfe6b', 0, '../Public/images/header.jpg', 'qlf1227@126.com', 0, '1978-01-01', '', '', '', '', '', '', '218.26.233.189', 1356687991, 1, 1357678510, '182.18.3.122', 0, 0, 0, 0, 0, NULL, 0, 0, NULL, NULL, NULL, NULL, NULL, NULL),
(645, '233@126.com', NULL, 'e10adc3949ba59abbe56e057f20f883e', 0, '../Public/images/header.jpg', '233@126.com', 0, '1978-01-01', '', '', '', '', '', '', '118.186.207.4', 1357098616, 1, 0, '0', 0, 0, 0, 0, 0, NULL, 0, 0, NULL, NULL, NULL, NULL, NULL, NULL),
(646, 'ppqqooww112233@126.com', NULL, '1a100d2c0dab19c4430e7d73762b3423', 0, '../Public/images/header.jpg', 'ppqqooww112233@126.com', 0, '1978-01-01', '', '', '', '', '', '', '118.186.207.4', 1357099051, 1, 0, '0', 0, 0, 0, 0, 0, NULL, 0, 0, NULL, NULL, NULL, NULL, NULL, NULL),
(647, 'sofoo88', NULL, '8606400711f297e8d5d670a31f9f34f9', 0, '../Public/images/header.jpg', 'sofoo88@163.com', 0, '1978-01-01', '', '', '', '', '', '', '61.232.9.178', 1357176525, 1, 1357189889, '61.232.9.178', 0, 0, 0, 0, 0, NULL, 0, 0, NULL, NULL, NULL, NULL, NULL, NULL),
(648, '眉州东坡酒楼', NULL, 'e10adc3949ba59abbe56e057f20f883e', 0, '../Public/images/header.jpg', '@', 0, '1978-01-01', '', '', '', '', '', '', '', 1357177045, 1, 1357177045, '0', 0, 0, 0, 0, 0, NULL, 0, 1, NULL, NULL, NULL, NULL, NULL, NULL),
(649, '火宴山火锅', NULL, 'e10adc3949ba59abbe56e057f20f883e', 0, '../Public/images/header.jpg', '@', 0, '1978-01-01', '', '', '', '', '', '', '', 1357177284, 1, 1357177284, '0', 0, 0, 0, 0, 0, NULL, 0, 1, NULL, NULL, NULL, NULL, NULL, NULL),
(650, 'Art  Loft  Club', NULL, 'e10adc3949ba59abbe56e057f20f883e', 0, '../Public/images/header.jpg', '@', 0, '1978-01-01', '', '', '', '', '', '', '', 1357177456, 1, 1357177456, '0', 0, 0, 0, 0, 0, NULL, 0, 1, NULL, NULL, NULL, NULL, NULL, NULL),
(651, '牛一锅筋头巴脑', NULL, 'e10adc3949ba59abbe56e057f20f883e', 0, '../Public/images/header.jpg', '@', 0, '1978-01-01', '', '', '', '', '', '', '', 1357177703, 1, 1357177703, '0', 0, 0, 0, 0, 0, NULL, 0, 1, NULL, NULL, NULL, NULL, NULL, NULL),
(652, '赛百味', NULL, 'e10adc3949ba59abbe56e057f20f883e', 0, '../Public/images/header.jpg', '@', 0, '1978-01-01', '', '', '', '', '', '', '', 1357177870, 1, 1357177870, '0', 0, 0, 0, 0, 0, NULL, 0, 1, NULL, NULL, NULL, NULL, NULL, NULL),
(653, '石磨坊酒楼', NULL, 'e10adc3949ba59abbe56e057f20f883e', 0, '../Public/images/header.jpg', '@', 0, '1978-01-01', '', '', '', '', '', '', '', 1357178049, 1, 1357178049, '0', 0, 0, 0, 0, 0, NULL, 0, 1, NULL, NULL, NULL, NULL, NULL, NULL),
(654, '韩味福紫菜包饭', NULL, 'e10adc3949ba59abbe56e057f20f883e', 0, '../Public/images/header.jpg', '@', 0, '1978-01-01', '', '', '', '', '', '', '', 1357178178, 1, 1357178178, '0', 0, 0, 0, 0, 0, NULL, 0, 1, NULL, NULL, NULL, NULL, NULL, NULL),
(655, 'DQ冰淇淋', NULL, 'e10adc3949ba59abbe56e057f20f883e', 0, '../Public/images/header.jpg', '@', 0, '1978-01-01', '', '', '', '', '', '', '', 1357178357, 1, 1357178357, '0', 0, 0, 0, 0, 0, NULL, 0, 1, NULL, NULL, NULL, NULL, NULL, NULL),
(656, '壹勺子糖', NULL, 'e10adc3949ba59abbe56e057f20f883e', 0, '../Public/images/header.jpg', '@', 0, '1978-01-01', '', '', '', '', '', '', '', 1357178503, 1, 1357178503, '0', 0, 0, 0, 0, 0, NULL, 0, 1, NULL, NULL, NULL, NULL, NULL, NULL),
(657, '京城驴肉王', NULL, 'e10adc3949ba59abbe56e057f20f883e', 0, '../Public/images/header.jpg', '@', 0, '1978-01-01', '', '', '', '', '', '', '', 1357178782, 1, 1357178782, '0', 0, 0, 0, 0, 0, NULL, 0, 1, NULL, NULL, NULL, NULL, NULL, NULL),
(658, '四合院蓝调餐厅', NULL, 'e10adc3949ba59abbe56e057f20f883e', 0, '../Public/images/header.jpg', '@', 0, '1978-01-01', '', '', '', '', '', '', '', 1357179140, 1, 1357179140, '0', 0, 0, 0, 0, 0, NULL, 0, 1, NULL, NULL, NULL, NULL, NULL, NULL),
(659, '九牧卫浴', NULL, 'e10adc3949ba59abbe56e057f20f883e', 0, '../Public/images/header.jpg', '@', 0, '1978-01-01', '', '', '', '', '', '', '', 1357179238, 1, 1357179238, '0', 0, 0, 0, 0, 0, NULL, 0, 1, NULL, NULL, NULL, NULL, NULL, NULL),
(660, 'Mate', NULL, 'e10adc3949ba59abbe56e057f20f883e', 0, '../Public/images/header.jpg', '@', 0, '1978-01-01', '', '', '', '', '', '', '', 1357179364, 1, 1357200065, '61.232.9.178', 0, 0, 0, 0, 0, NULL, 0, 1, NULL, NULL, NULL, NULL, NULL, NULL),
(661, '李唐千秋客家菜', NULL, 'e10adc3949ba59abbe56e057f20f883e', 0, '../Public/images/header.jpg', '@', 0, '1978-01-01', '', '', '', '', '', '', '', 1357179824, 1, 1357179824, '0', 0, 0, 0, 0, 0, NULL, 0, 1, NULL, NULL, NULL, NULL, NULL, NULL),
(662, '潐家大院', NULL, 'e10adc3949ba59abbe56e057f20f883e', 0, '../Public/images/header.jpg', '@', 0, '1978-01-01', '', '', '', '', '', '', '', 1357180005, 1, 1357180005, '0', 0, 0, 0, 0, 0, NULL, 0, 1, NULL, NULL, NULL, NULL, NULL, NULL),
(663, '耐克', NULL, 'e10adc3949ba59abbe56e057f20f883e', 0, '../Public/images/header.jpg', '@', 0, '1978-01-01', '', '', '', '', '', '', '', 1357180138, 1, 1357180138, '0', 0, 0, 0, 0, 0, NULL, 0, 1, NULL, NULL, NULL, NULL, NULL, NULL),
(664, '沙县小吃', NULL, 'e10adc3949ba59abbe56e057f20f883e', 0, '../Public/images/header.jpg', '@', 0, '1978-01-01', '', '', '', '', '', '', '', 1357180322, 1, 1357203091, '61.232.9.178', 0, 0, 0, 0, 0, NULL, 0, 1, NULL, NULL, NULL, NULL, NULL, NULL),
(665, '欧派蛋糕', NULL, 'e10adc3949ba59abbe56e057f20f883e', 0, '../Public/images/header.jpg', '@', 0, '1978-01-01', '', '', '', '', '', '', '', 1357181300, 1, 1357181300, '0', 0, 0, 0, 0, 0, NULL, 0, 1, NULL, NULL, NULL, NULL, NULL, NULL),
(666, '温泉会馆', NULL, 'e10adc3949ba59abbe56e057f20f883e', 0, '../Public/images/header.jpg', '@', 0, '1978-01-01', '', '', '', '', '', '', '', 1357181477, 1, 1357181477, '0', 0, 0, 0, 0, 0, NULL, 0, 1, NULL, NULL, NULL, NULL, NULL, NULL),
(667, '食尚天地', NULL, 'e10adc3949ba59abbe56e057f20f883e', 0, '../Public/images/header.jpg', '@', 0, '1978-01-01', '', '', '', '', '', '', '', 1357181600, 1, 1357181600, '0', 0, 0, 0, 0, 0, NULL, 0, 1, NULL, NULL, NULL, NULL, NULL, NULL),
(668, 'Ibiza风尚KTV', NULL, 'e10adc3949ba59abbe56e057f20f883e', 0, '../Public/images/header.jpg', '@', 0, '1978-01-01', '', '', '', '', '', '', '', 1357181738, 1, 1357181738, '0', 0, 0, 0, 0, 0, NULL, 0, 1, NULL, NULL, NULL, NULL, NULL, NULL),
(669, '鹏记小馋猫', NULL, 'e10adc3949ba59abbe56e057f20f883e', 0, '../Public/images/header.jpg', '@', 0, '1978-01-01', '', '', '', '', '', '', '', 1357182158, 1, 1357182158, '0', 0, 0, 0, 0, 0, NULL, 0, 1, NULL, NULL, NULL, NULL, NULL, NULL),
(670, '维洛纳主题酒店', NULL, 'e10adc3949ba59abbe56e057f20f883e', 0, '../Public/images/header.jpg', '@', 0, '1978-01-01', '', '', '', '', '', '', '', 1357182322, 1, 1357182322, '0', 0, 0, 0, 0, 0, NULL, 0, 1, NULL, NULL, NULL, NULL, NULL, NULL),
(671, '京门老爆三', NULL, 'e10adc3949ba59abbe56e057f20f883e', 0, '../Public/images/header.jpg', '@', 0, '1978-01-01', '', '', '', '', '', '', '', 1357183014, 1, 1357183014, '0', 0, 0, 0, 0, 0, NULL, 0, 1, NULL, NULL, NULL, NULL, NULL, NULL),
(672, '哥伦比亚', NULL, 'e10adc3949ba59abbe56e057f20f883e', 0, '../Public/images/header.jpg', '@', 0, '1978-01-01', '', '', '', '', '', '', '', 1357183218, 1, 1357183218, '0', 0, 0, 0, 0, 0, NULL, 0, 1, NULL, NULL, NULL, NULL, NULL, NULL),
(673, 'SCOFIEID', NULL, 'e10adc3949ba59abbe56e057f20f883e', 0, '../Public/images/header.jpg', '@', 0, '1978-01-01', '', '', '', '', '', '', '', 1357183480, 1, 1357183480, '0', 0, 0, 0, 0, 0, NULL, 0, 1, NULL, NULL, NULL, NULL, NULL, NULL),
(674, '尚艺墅', NULL, 'e10adc3949ba59abbe56e057f20f883e', 0, '../Public/images/header.jpg', '@', 0, '1978-01-01', '', '', '', '', '', '', '', 1357183840, 1, 1357183840, '0', 0, 0, 0, 0, 0, NULL, 0, 1, NULL, NULL, NULL, NULL, NULL, NULL),
(675, '吉野家', NULL, 'e10adc3949ba59abbe56e057f20f883e', 0, '../Public/images/header.jpg', '@', 0, '1978-01-01', '', '', '', '', '', '', '', 1357183992, 1, 1357203165, '61.232.9.178', 0, 0, 0, 0, 0, NULL, 0, 1, NULL, NULL, NULL, NULL, NULL, NULL),
(676, '爱艺行', NULL, 'e10adc3949ba59abbe56e057f20f883e', 0, '../Public/images/header.jpg', '@', 0, '1978-01-01', '', '', '', '', '', '', '', 1357184117, 1, 1357184117, '0', 0, 0, 0, 0, 0, NULL, 0, 1, NULL, NULL, NULL, NULL, NULL, NULL),
(677, '舞角星艺术咖啡吧', NULL, 'e10adc3949ba59abbe56e057f20f883e', 0, '../Public/images/header.jpg', '@', 0, '1978-01-01', '', '', '', '', '', '', '', 1357184282, 1, 1357184282, '0', 0, 0, 0, 0, 0, NULL, 0, 1, NULL, NULL, NULL, NULL, NULL, NULL),
(678, '鳄鱼恤', NULL, 'e10adc3949ba59abbe56e057f20f883e', 0, '../Public/images/header.jpg', '@', 0, '1978-01-01', '', '', '', '', '', '', '', 1357184454, 1, 1357184454, '0', 0, 0, 0, 0, 0, NULL, 0, 1, NULL, NULL, NULL, NULL, NULL, NULL),
(679, 'KOOKAI', NULL, 'e10adc3949ba59abbe56e057f20f883e', 0, '../Public/images/header.jpg', '@', 0, '1978-01-01', '', '', '', '', '', '', '', 1357184541, 1, 1357184541, '0', 0, 0, 0, 0, 0, NULL, 0, 1, NULL, NULL, NULL, NULL, NULL, NULL),
(680, '潮州风味', NULL, 'e10adc3949ba59abbe56e057f20f883e', 0, '../Public/images/header.jpg', '@', 0, '1978-01-01', '', '', '', '', '', '', '', 1357184844, 1, 1357184844, '0', 0, 0, 0, 0, 0, NULL, 0, 1, NULL, NULL, NULL, NULL, NULL, NULL),
(681, '3333333333', NULL, '4aee3e28df37ea1af64bd636eca59dcb', 0, '../Public/images/header.jpg', '@', 0, '1978-01-01', '', '', '', '', '', '', '', 1357189344, 1, 1357189361, '61.232.9.178', 0, 0, 0, 0, 0, NULL, 0, 1, NULL, NULL, NULL, NULL, NULL, NULL),
(682, '东风日产维修', NULL, 'e10adc3949ba59abbe56e057f20f883e', 0, '../Public/images/header.jpg', '@', 0, '1978-01-01', '', '', '', '', '', '', '', 1357189477, 1, 1357189477, '0', 0, 0, 0, 0, 0, NULL, 0, 1, NULL, NULL, NULL, NULL, NULL, NULL),
(683, '凯威行汽车维修', NULL, 'e10adc3949ba59abbe56e057f20f883e', 0, '../Public/images/header.jpg', '@', 0, '1978-01-01', '', '', '', '', '', '', '', 1357189671, 1, 1357189671, '0', 0, 0, 0, 0, 0, NULL, 0, 1, NULL, NULL, NULL, NULL, NULL, NULL),
(684, '大茶杯', NULL, 'e10adc3949ba59abbe56e057f20f883e', 0, '../Public/images/header.jpg', '@', 0, '1978-01-01', '', '', '', '', '', '', '', 1357189830, 1, 1357189830, '0', 0, 0, 0, 0, 0, NULL, 0, 1, NULL, NULL, NULL, NULL, NULL, NULL),
(685, '546415038', NULL, '8606400711f297e8d5d670a31f9f34f9', 0, '../Public/images/header.jpg', '@', 0, '1978-01-01', '', '', '', '', '', '', '', 1357190303, 1, 1357190334, '61.232.9.178', 0, 0, 0, 0, 0, NULL, 0, 1, NULL, NULL, NULL, NULL, NULL, NULL),
(686, '阿牛与仙草', NULL, 'e10adc3949ba59abbe56e057f20f883e', 0, '../Public/images/header.jpg', '@', 0, '1978-01-01', '', '', '', '', '', '', '', 1357190422, 1, 1357194297, '61.232.9.178', 0, 0, 0, 0, 0, NULL, 0, 1, NULL, NULL, NULL, NULL, NULL, NULL),
(687, '47664587', NULL, 'e10adc3949ba59abbe56e057f20f883e', 0, '../Public/images/header.jpg', '@', 0, '1978-01-01', '', '', '', '', '', '', '', 1357191032, 1, 1357193175, '61.232.9.178', 0, 0, 0, 0, 0, NULL, 0, 1, NULL, NULL, NULL, NULL, NULL, NULL),
(688, '0', NULL, 'd41d8cd98f00b204e9800998ecf8427e', 0, '../Public/images/header.jpg', '@', 0, '1978-01-01', '', '', '', '', '', '', '61.232.9.178', 1357191218, 1, 1357191218, '0', 0, 0, 0, 0, 0, NULL, 0, 0, NULL, NULL, NULL, NULL, NULL, NULL),
(689, '仙草吧', NULL, 'e10adc3949ba59abbe56e057f20f883e', 0, '../Public/images/header.jpg', '@', 0, '1978-01-01', '', '', '', '', '', '', '', 1357191318, 1, 1357191318, '0', 0, 0, 0, 0, 0, NULL, 0, 1, NULL, NULL, NULL, NULL, NULL, NULL),
(690, '123456', NULL, 'e10adc3949ba59abbe56e057f20f883e', 0, '../Public/images/header.jpg', '@', 0, '1978-01-01', '', '', '', '', '', '', '', 1357191412, 1, 1357191412, '0', 0, 0, 0, 0, 0, NULL, 0, 1, NULL, NULL, NULL, NULL, NULL, NULL),
(691, '石老磨煎饼', NULL, 'e10adc3949ba59abbe56e057f20f883e', 0, '../Public/images/header.jpg', '@', 0, '1978-01-01', '', '', '', '', '', '', '', 1357191592, 1, 1357194426, '61.232.9.178', 0, 0, 0, 0, 0, NULL, 0, 1, NULL, NULL, NULL, NULL, NULL, NULL),
(692, '邂逅花语', NULL, 'e10adc3949ba59abbe56e057f20f883e', 0, '../Public/images/header.jpg', '@', 0, '1978-01-01', '', '', '', '', '', '', '', 1357192098, 1, 1357192098, '0', 0, 0, 0, 0, 0, NULL, 0, 1, NULL, NULL, NULL, NULL, NULL, NULL),
(693, '优比奥酸奶', NULL, 'e10adc3949ba59abbe56e057f20f883e', 0, '../Public/images/header.jpg', '@', 0, '1978-01-01', '', '', '', '', '', '', '', 1357192408, 1, 1357192408, '0', 0, 0, 0, 0, 0, NULL, 0, 1, NULL, NULL, NULL, NULL, NULL, NULL),
(694, '地瓜坊', NULL, 'e10adc3949ba59abbe56e057f20f883e', 0, '../Public/images/header.jpg', '@', 0, '1978-01-01', '', '', '', '', '', '', '', 1357192506, 1, 1357192506, '0', 0, 0, 0, 0, 0, NULL, 0, 1, NULL, NULL, NULL, NULL, NULL, NULL),
(695, '珍好家', NULL, 'e10adc3949ba59abbe56e057f20f883e', 0, '../Public/images/header.jpg', '@', 0, '1978-01-01', '', '', '', '', '', '', '', 1357192643, 1, 1357192643, '0', 0, 0, 0, 0, 0, NULL, 0, 1, NULL, NULL, NULL, NULL, NULL, NULL),
(696, 'CoCo茶饮', NULL, 'e10adc3949ba59abbe56e057f20f883e', 0, '../Public/images/header.jpg', '@', 0, '1978-01-01', '', '', '', '', '', '', '', 1357192754, 1, 1357192754, '0', 0, 0, 0, 0, 0, NULL, 0, 1, NULL, NULL, NULL, NULL, NULL, NULL),
(697, '彭双双', NULL, 'e10adc3949ba59abbe56e057f20f883e', 0, '../Public/images/header.jpg', '@', 0, '1978-01-01', '', '', '', '', '', '', '', 1357192889, 1, 1357192889, '0', 0, 0, 0, 0, 0, NULL, 0, 1, NULL, NULL, NULL, NULL, NULL, NULL),
(698, '茶友部落格', NULL, 'e10adc3949ba59abbe56e057f20f883e', 0, '../Public/images/header.jpg', '@', 0, '1978-01-01', '', '', '', '', '', '', '', 1357192949, 1, 1357192949, '0', 0, 0, 0, 0, 0, NULL, 0, 1, NULL, NULL, NULL, NULL, NULL, NULL),
(699, '0', NULL, 'd41d8cd98f00b204e9800998ecf8427e', 0, '../Public/images/header.jpg', '@', 0, '1978-01-01', '', '', '', '', '', '', '61.232.9.178', 1357193556, 1, 1357193556, '0', 0, 0, 0, 0, 0, NULL, 0, 0, NULL, NULL, NULL, NULL, NULL, NULL),
(700, 'x小猫', NULL, 'e10adc3949ba59abbe56e057f20f883e', 0, '../Public/images/header.jpg', '@', 0, '1978-01-01', '', '', '', '', '', '', '', 1357193674, 1, 1357193674, '0', 0, 0, 0, 0, 0, NULL, 0, 1, NULL, NULL, NULL, NULL, NULL, NULL),
(701, 'Nice现酿酸奶', NULL, 'e10adc3949ba59abbe56e057f20f883e', 0, '../Public/images/header.jpg', '@', 0, '1978-01-01', '', '', '', '', '', '', '', 1357193760, 1, 1357193760, '0', 0, 0, 0, 0, 0, NULL, 0, 1, NULL, NULL, NULL, NULL, NULL, NULL),
(702, '果麦De鲜饮', NULL, 'e10adc3949ba59abbe56e057f20f883e', 0, '../Public/images/header.jpg', '@', 0, '1978-01-01', '', '', '', '', '', '', '', 1357194599, 1, 1357194733, '61.232.9.178', 0, 0, 0, 0, 0, NULL, 0, 1, NULL, NULL, NULL, NULL, NULL, NULL),
(703, '11@12.com', NULL, '96e79218965eb72c92a549dd5a330112', 0, '../Public/images/header.jpg', '11@12.com', 0, '1978-01-01', '', '', '', '', '', '', '61.232.9.178', 1357194886, 1, 1357195615, '61.232.9.178', 0, 0, 0, 0, 0, NULL, 0, 0, NULL, NULL, NULL, NULL, NULL, NULL),
(704, '11@11.com', NULL, '96e79218965eb72c92a549dd5a330112', 0, '../Public/images/header.jpg', '11@11.com', 0, '1978-01-01', '', '', '', '', '', '', '61.232.9.178', 1357195695, 1, 1357196793, '61.232.9.178', 0, 0, 0, 0, 0, NULL, 0, 0, NULL, NULL, NULL, NULL, NULL, NULL),
(705, 'laodifangshaokao', NULL, 'e10adc3949ba59abbe56e057f20f883e', 0, '../Public/images/header.jpg', '@', 0, '1978-01-01', '', '', '', '', '', '', '', 1357201311, 1, 1357201311, '0', 0, 0, 0, 0, 0, NULL, 0, 1, NULL, NULL, NULL, NULL, NULL, NULL),
(706, 'sf@126.com', NULL, 'e10adc3949ba59abbe56e057f20f883e', 0, '../Public/images/header.jpg', 'sf@126.com', 0, '1978-01-01', '', '', '', '', '', '', '61.232.9.178', 1357201598, 1, 0, '0', 0, 0, 0, 0, 0, NULL, 0, 0, NULL, NULL, NULL, NULL, NULL, NULL),
(707, 'fg@123.com', NULL, 'e10adc3949ba59abbe56e057f20f883e', 0, '../Public/images/header.jpg', 'fg@123.com', 0, '1978-01-01', '', '', '', '', '', '', '61.232.9.178', 1357202158, 1, 1357202194, '61.232.9.178', 0, 0, 0, 0, 0, NULL, 0, 0, NULL, NULL, NULL, NULL, NULL, NULL),
(708, 'fh@134.com', NULL, 'e10adc3949ba59abbe56e057f20f883e', 0, '../Public/images/header.jpg', 'fh@134.com', 0, '1978-01-01', '', '', '', '', '', '', '61.232.9.178', 1357202222, 1, 1357202223, '61.232.9.178', 0, 0, 0, 0, 0, NULL, 0, 0, NULL, NULL, NULL, NULL, NULL, NULL),
(709, 'fgh@24.com', NULL, 'e10adc3949ba59abbe56e057f20f883e', 0, '../Public/images/header.jpg', 'fgh@24.com', 0, '1978-01-01', '', '', '', '', '', '', '61.232.9.178', 1357202332, 1, 1357202335, '61.232.9.178', 0, 0, 0, 0, 0, NULL, 0, 0, NULL, NULL, NULL, NULL, NULL, NULL),
(710, 'fgg@13.com', NULL, 'e10adc3949ba59abbe56e057f20f883e', 0, '../Public/images/header.jpg', 'fgg@13.com', 0, '1978-01-01', '', '', '', '', '', '', '61.232.9.178', 1357202699, 1, 1357203808, '61.232.9.178', 0, 0, 0, 0, 0, NULL, 0, 0, NULL, NULL, NULL, NULL, NULL, NULL),
(711, 'xc@233.com', NULL, 'e10adc3949ba59abbe56e057f20f883e', 0, '../Public/images/header.jpg', 'xc@233.com', 0, '1978-01-01', '', '', '', '', '', '', '61.232.9.178', 1357203330, 1, 1357203585, '61.232.9.178', 0, 0, 0, 0, 0, NULL, 0, 0, NULL, NULL, NULL, NULL, NULL, NULL),
(712, 'guilinmifen', NULL, 'e10adc3949ba59abbe56e057f20f883e', 0, '../Public/images/header.jpg', '@', 0, '1978-01-01', '', '', '', '', '', '', '', 1357203498, 1, 1357203574, '61.232.9.178', 0, 0, 0, 0, 0, NULL, 0, 1, NULL, NULL, NULL, NULL, NULL, NULL),
(713, 'jj@22.com', NULL, 'e10adc3949ba59abbe56e057f20f883e', 0, '../Public/images/header.jpg', 'jj@22.com', 0, '1978-01-01', '', '', '', '', '', '', '61.232.9.178', 1357203880, 1, 0, '0', 0, 0, 0, 0, 0, NULL, 0, 0, NULL, NULL, NULL, NULL, NULL, NULL),
(714, 'df@134.com', NULL, 'e10adc3949ba59abbe56e057f20f883e', 0, '../Public/images/header.jpg', 'df@134.com', 0, '1978-01-01', '', '', '', '', '', '', '61.232.9.178', 1357204816, 1, 1357204819, '61.232.9.178', 0, 0, 0, 0, 0, NULL, 0, 0, NULL, NULL, NULL, NULL, NULL, NULL),
(715, 'rt@234.com', NULL, 'e10adc3949ba59abbe56e057f20f883e', 0, '../Public/images/header.jpg', 'rt@234.com', 0, '1978-01-01', '', '', '', '', '', '', '61.232.9.178', 1357205335, 1, 1357205339, '61.232.9.178', 0, 0, 0, 0, 0, NULL, 0, 0, NULL, NULL, NULL, NULL, NULL, NULL),
(716, 'hahay', NULL, '698d51a19d8a121ce581499d7b701668', 0, '../Public/images/header.jpg', 'hahay', 0, '1978-01-01', '', '', '', '', '', '', '', 1357225678, 1, 1357225678, '0', 0, 0, 0, 0, 0, NULL, 0, 1, NULL, NULL, NULL, NULL, NULL, NULL),
(717, 'hahayy', NULL, '698d51a19d8a121ce581499d7b701668', 0, '../Public/images/header.jpg', 'hahayy', 0, '1978-01-01', '', '', '', '', '', '', '', 1357225907, 1, 1357538110, '61.232.9.178', 0, 0, 0, 0, 0, NULL, 0, 1, NULL, NULL, NULL, NULL, NULL, NULL),
(718, 'dgh@124.com', NULL, 'e10adc3949ba59abbe56e057f20f883e', 0, '../Public/images/header.jpg', 'dgh@124.com', 0, '1978-01-01', '', '', '', '', '', '', '61.232.9.178', 1357262916, 1, 1357262919, '61.232.9.178', 0, 0, 0, 0, 0, NULL, 0, 0, NULL, NULL, NULL, NULL, NULL, NULL),
(719, 'jjjk', NULL, '698d51a19d8a121ce581499d7b701668', 0, '../Public/images/header.jpg', 'jjjk', 0, '1978-01-01', '', '', '', '', '', '', '', 1357266321, 1, 1357266321, '0', 0, 0, 0, 0, 0, NULL, 0, 1, NULL, NULL, NULL, NULL, NULL, NULL),
(720, 'hah1ayy', NULL, '698d51a19d8a121ce581499d7b701668', 0, '../Public/images/header.jpg', 'hah1ayy', 0, '1978-01-01', '', '', '', '', '', '', '', 1357266816, 1, 1357266816, '0', 0, 0, 0, 0, 0, NULL, 0, 1, NULL, NULL, NULL, NULL, NULL, NULL),
(721, 'hahayy4', NULL, '698d51a19d8a121ce581499d7b701668', 0, '../Public/images/header.jpg', 'hahayy4', 0, '1978-01-01', '', '', '', '', '', '', '', 1357267102, 1, 1357267102, '0', 0, 0, 0, 0, 0, NULL, 0, 1, NULL, NULL, NULL, NULL, NULL, NULL),
(722, 'fgj@126.com', NULL, 'e10adc3949ba59abbe56e057f20f883e', 0, '../Public/images/header.jpg', 'fgj@126.com', 0, '1978-01-01', '', '', '', '', '', '', '61.232.9.178', 1357270286, 1, 1357270289, '61.232.9.178', 0, 0, 0, 0, 0, NULL, 0, 0, NULL, NULL, NULL, NULL, NULL, NULL),
(723, 'ghj@134.com', NULL, 'e10adc3949ba59abbe56e057f20f883e', 0, '../Public/images/header.jpg', 'ghj@134.com', 0, '1978-01-01', '', '', '', '', '', '', '61.232.9.178', 1357270395, 1, 1357270396, '61.232.9.178', 0, 0, 0, 0, 0, NULL, 0, 0, NULL, NULL, NULL, NULL, NULL, NULL),
(724, 'dfgh@23.com', NULL, 'e10adc3949ba59abbe56e057f20f883e', 0, '../Public/images/header.jpg', 'dfgh@23.com', 0, '1978-01-01', '', '', '', '', '', '', '61.232.9.178', 1357271878, 1, 1357272448, '61.232.9.178', 0, 0, 0, 0, 0, NULL, 0, 0, NULL, NULL, NULL, NULL, NULL, NULL),
(725, 'hah11ayy', NULL, '698d51a19d8a121ce581499d7b701668', 0, '../Public/images/header.jpg', 'hah11ayy', 0, '1978-01-01', '', '', '', '', '', '', '', 1357274843, 1, 1357274843, '0', 0, 0, 0, 0, 0, NULL, 0, 1, NULL, NULL, NULL, NULL, NULL, NULL),
(726, 'ety@12.com', NULL, 'e10adc3949ba59abbe56e057f20f883e', 0, '../Public/images/header.jpg', 'ety@12.com', 0, '1978-01-01', '', '', '', '', '', '', '61.232.9.178', 1357276600, 1, 1357276603, '61.232.9.178', 0, 0, 0, 0, 0, NULL, 0, 0, NULL, NULL, NULL, NULL, NULL, NULL),
(727, 'thh@24.com', NULL, 'e10adc3949ba59abbe56e057f20f883e', 0, '../Public/images/header.jpg', 'thh@24.com', 0, '1978-01-01', '', '', '', '', '', '', '61.232.9.178', 1357276874, 1, 1357276876, '61.232.9.178', 0, 0, 0, 0, 0, NULL, 0, 0, NULL, NULL, NULL, NULL, NULL, NULL),
(728, 'dgh@24.com', NULL, 'e10adc3949ba59abbe56e057f20f883e', 0, '../Public/images/header.jpg', 'dgh@24.com', 0, '1978-01-01', '', '', '', '', '', '', '61.232.9.178', 1357278773, 1, 1357278775, '61.232.9.178', 0, 0, 0, 0, 0, NULL, 0, 0, NULL, NULL, NULL, NULL, NULL, NULL),
(729, 'fgh@2467.com', NULL, 'e10adc3949ba59abbe56e057f20f883e', 0, '../Public/images/header.jpg', 'fgh@2467.com', 0, '1978-01-01', '', '', '', '', '', '', '61.232.9.178', 1357279962, 1, 1357279963, '61.232.9.178', 0, 0, 0, 0, 0, NULL, 0, 0, NULL, NULL, NULL, NULL, NULL, NULL),
(730, 'fh@135.com', NULL, 'e10adc3949ba59abbe56e057f20f883e', 0, '../Public/images/header.jpg', 'fh@135.com', 0, '1978-01-01', '', '', '', '', '', '', '61.232.9.178', 1357281077, 1, 1357281084, '61.232.9.178', 0, 0, 0, 0, 0, NULL, 0, 0, NULL, NULL, NULL, NULL, NULL, NULL),
(731, 'fhj@23.com', NULL, 'e10adc3949ba59abbe56e057f20f883e', 0, '../Public/images/header.jpg', 'fhj@23.com', 0, '1978-01-01', '', '', '', '', '', '', '61.232.9.178', 1357281347, 1, 1357281348, '61.232.9.178', 0, 0, 0, 0, 0, NULL, 0, 0, NULL, NULL, NULL, NULL, NULL, NULL),
(732, 'we@123.com', NULL, 'e10adc3949ba59abbe56e057f20f883e', 0, '../Public/images/header.jpg', 'we@123.com', 0, '1978-01-01', '', '', '', '', '', '', '61.232.9.178', 1357281831, 1, 1357281834, '61.232.9.178', 0, 0, 0, 0, 0, NULL, 0, 0, NULL, NULL, NULL, NULL, NULL, NULL),
(733, 'ert@123.com', NULL, 'e10adc3949ba59abbe56e057f20f883e', 0, '../Public/images/header.jpg', 'ert@123.com', 0, '1978-01-01', '', '', '', '', '', '', '61.232.9.178', 1357282065, 1, 1357282069, '61.232.9.178', 0, 0, 0, 0, 0, NULL, 0, 0, NULL, NULL, NULL, NULL, NULL, NULL),
(734, 'ww@123.com', NULL, 'e10adc3949ba59abbe56e057f20f883e', 0, '../Public/images/header.jpg', 'ww@123.com', 0, '1978-01-01', '', '', '', '', '', '', '61.232.9.178', 1357282781, 1, 1357282784, '61.232.9.178', 0, 0, 0, 0, 0, NULL, 0, 0, NULL, NULL, NULL, NULL, NULL, NULL),
(735, 'wey@123.com', NULL, 'e10adc3949ba59abbe56e057f20f883e', 0, '../Public/images/header.jpg', 'wey@123.com', 0, '1978-01-01', '', '', '', '', '', '', '61.232.9.178', 1357283016, 1, 1357283402, '61.232.9.178', 0, 0, 0, 0, 0, NULL, 0, 0, NULL, NULL, NULL, NULL, NULL, NULL),
(736, 'rhj@135.com', NULL, 'e10adc3949ba59abbe56e057f20f883e', 0, '../Public/images/header.jpg', 'rhj@135.com', 0, '1978-01-01', '', '', '', '', '', '', '61.232.9.178', 1357283864, 1, 1357283865, '61.232.9.178', 0, 0, 0, 0, 0, NULL, 0, 0, NULL, NULL, NULL, NULL, NULL, NULL),
(737, 'fh@23.cin', NULL, 'e10adc3949ba59abbe56e057f20f883e', 0, '../Public/images/header.jpg', 'fh@23.cin', 0, '1978-01-01', '', '', '', '', '', '', '61.232.9.178', 1357286963, 1, 1357286965, '61.232.9.178', 0, 0, 0, 0, 0, NULL, 0, 0, NULL, NULL, NULL, NULL, NULL, NULL),
(738, 'fgjj@134.cin', NULL, 'e10adc3949ba59abbe56e057f20f883e', 0, '../Public/images/header.jpg', 'fgjj@134.cin', 0, '1978-01-01', '', '', '', '', '', '', '61.232.9.178', 1357291803, 1, 1357291804, '61.232.9.178', 0, 0, 0, 0, 0, NULL, 0, 0, NULL, NULL, NULL, NULL, NULL, NULL),
(739, 'cbj@24.cbk', NULL, 'e10adc3949ba59abbe56e057f20f883e', 0, '../Public/images/header.jpg', 'cbj@24.cbk', 0, '1978-01-01', '', '', '', '', '', '', '61.232.9.178', 1357292033, 1, 1357292034, '61.232.9.178', 0, 0, 0, 0, 0, NULL, 0, 0, NULL, NULL, NULL, NULL, NULL, NULL),
(740, '0', NULL, 'd41d8cd98f00b204e9800998ecf8427e', 0, '../Public/images/header.jpg', '@', 0, '1978-01-01', '', '', '', '', '', '', '61.232.9.178', 1357292046, 1, 1357292046, '0', 0, 0, 0, 0, 0, NULL, 0, 0, NULL, NULL, NULL, NULL, NULL, NULL),
(741, '0', NULL, 'd41d8cd98f00b204e9800998ecf8427e', 0, '../Public/images/header.jpg', '@', 0, '1978-01-01', '', '', '', '', '', '', '61.232.9.178', 1357292213, 1, 1357292213, '0', 0, 0, 0, 0, 0, NULL, 0, 0, NULL, NULL, NULL, 643, NULL, NULL),
(742, 'ssssssssssss', NULL, '8606400711f297e8d5d670a31f9f34f9', 0, '../Public/images/header.jpg', 'sssss@qq.com', 0, '1978-01-01', '', '', '', '', '', '', '61.232.9.178', 1357292447, 1, 1357292447, '0', 0, 0, 0, 0, 0, NULL, 0, 0, NULL, NULL, NULL, NULL, NULL, NULL),
(743, '0', NULL, 'd41d8cd98f00b204e9800998ecf8427e', 0, '../Public/images/header.jpg', '@', 0, '1978-01-01', '', '', '', '', '', '', '61.232.9.178', 1357292531, 1, 1357292531, '0', 0, 0, 0, 0, 0, NULL, 0, 0, NULL, NULL, NULL, NULL, NULL, NULL),
(744, '0', NULL, 'd41d8cd98f00b204e9800998ecf8427e', 0, '../Public/images/header.jpg', '@', 0, '1978-01-01', '', '', '', '', '', '', '61.232.9.178', 1357292706, 1, 1357292706, '0', 0, 0, 0, 0, 0, NULL, 0, 0, NULL, NULL, NULL, NULL, NULL, NULL),
(745, 'fhigj@245.dg', NULL, 'e10adc3949ba59abbe56e057f20f883e', 0, '../Public/images/header.jpg', 'fhigj@245.dg', 0, '1978-01-01', '', '', '', '', '', '', '118.186.207.7', 1357309506, 1, 1357309507, '118.186.207.7', 0, 0, 0, 0, 0, NULL, 0, 0, NULL, NULL, NULL, NULL, NULL, NULL),
(746, 'fyi@23.com', NULL, 'e10adc3949ba59abbe56e057f20f883e', 0, '../Public/images/header.jpg', 'fyi@23.com', 0, '1978-01-01', '', '', '', '', '', '', '118.186.207.7', 1357310079, 1, 1357310080, '118.186.207.7', 0, 0, 0, 0, 0, NULL, 0, 0, NULL, NULL, NULL, NULL, NULL, NULL),
(747, 'fgj@467.com', NULL, 'e10adc3949ba59abbe56e057f20f883e', 0, '../Public/images/header.jpg', 'fgj@467.com', 0, '1978-01-01', '', '', '', '', '', '', '118.186.207.7', 1357310248, 1, 1357310251, '118.186.207.7', 0, 0, 0, 0, 0, NULL, 0, 0, NULL, NULL, NULL, NULL, NULL, NULL),
(748, 'fhk@258.cv', NULL, 'e10adc3949ba59abbe56e057f20f883e', 0, '../Public/images/header.jpg', 'fhk@258.cv', 0, '1978-01-01', '', '', '', '', '', '', '118.186.207.7', 1357310637, 1, 1357310639, '118.186.207.7', 0, 0, 0, 0, 0, NULL, 0, 0, NULL, NULL, NULL, NULL, NULL, NULL),
(749, 'fhj@24.hj', NULL, 'e10adc3949ba59abbe56e057f20f883e', 0, '../Public/images/header.jpg', 'fhj@24.hj', 0, '1978-01-01', '', '', '', '', '', '', '118.186.207.7', 1357310758, 1, 1357310759, '118.186.207.7', 0, 0, 0, 0, 0, NULL, 0, 0, NULL, NULL, NULL, NULL, NULL, NULL),
(750, 'gnl@45.chj', NULL, 'e10adc3949ba59abbe56e057f20f883e', 0, '../Public/images/header.jpg', 'gnl@45.chj', 0, '1978-01-01', '', '', '', '', '', '', '118.186.207.7', 1357310930, 1, 1357310932, '118.186.207.7', 0, 0, 0, 0, 0, NULL, 0, 0, NULL, NULL, NULL, NULL, NULL, NULL),
(751, 'vjo.5?bk', NULL, 'e10adc3949ba59abbe56e057f20f883e', 0, '../Public/images/header.jpg', 'vjo.5?bk', 0, '1978-01-01', '', '', '', '', '', '', '118.186.207.7', 1357311082, 1, 1357311084, '118.186.207.7', 0, 0, 0, 0, 0, NULL, 0, 0, NULL, NULL, NULL, NULL, NULL, NULL),
(752, 'ghhb@478.vjk', NULL, 'e10adc3949ba59abbe56e057f20f883e', 0, '../Public/images/header.jpg', 'ghhb@478.vjk', 0, '1978-01-01', '', '', '', '', '', '', '118.186.207.7', 1357311216, 1, 1357311217, '118.186.207.7', 0, 0, 0, 0, 0, NULL, 0, 0, NULL, NULL, NULL, NULL, NULL, NULL),
(753, 'fhk@468.fg', NULL, 'e10adc3949ba59abbe56e057f20f883e', 0, '../Public/images/header.jpg', 'fhk@468.fg', 0, '1978-01-01', '', '', '', '', '', '', '118.186.207.7', 1357311386, 1, 1357311389, '118.186.207.7', 0, 0, 0, 0, 0, NULL, 0, 0, NULL, NULL, NULL, NULL, NULL, NULL),
(754, 'dhjkhh@579.cio', NULL, 'e10adc3949ba59abbe56e057f20f883e', 0, '../Public/images/header.jpg', 'dhjkhh@579.cio', 0, '1978-01-01', '', '', '', '', '', '', '118.186.207.7', 1357311518, 1, 1357311520, '118.186.207.7', 0, 0, 0, 0, 0, NULL, 0, 0, NULL, NULL, NULL, NULL, NULL, NULL),
(755, 'gj7bb@678.cgh', NULL, 'e10adc3949ba59abbe56e057f20f883e', 0, '../Public/images/header.jpg', 'gj7bb@678.cgh', 0, '1978-01-01', '', '', '', '', '', '', '118.186.207.7', 1357311659, 1, 1357311661, '118.186.207.7', 0, 0, 0, 0, 0, NULL, 0, 0, NULL, NULL, NULL, NULL, NULL, NULL),
(756, 'gj@35.vjj', NULL, 'e10adc3949ba59abbe56e057f20f883e', 0, '../Public/images/header.jpg', 'gj@35.vjj', 0, '1978-01-01', '', '', '', '', '', '', '118.186.207.7', 1357312166, 1, 1357312167, '118.186.207.7', 0, 0, 0, 0, 0, NULL, 0, 0, NULL, NULL, NULL, NULL, NULL, NULL),
(757, 'fhk@57.gk', NULL, 'e10adc3949ba59abbe56e057f20f883e', 0, '../Public/images/header.jpg', 'fhk@57.gk', 0, '1978-01-01', '', '', '', '', '', '', '118.186.207.7', 1357312284, 1, 1357312286, '118.186.207.7', 0, 0, 0, 0, 0, NULL, 0, 0, NULL, NULL, NULL, NULL, NULL, NULL),
(758, 'gjp@579hkk', NULL, 'e10adc3949ba59abbe56e057f20f883e', 0, '../Public/images/header.jpg', 'gjp@579hkk', 0, '1978-01-01', '', '', '', '', '', '', '118.186.207.7', 1357312497, 1, 1357312498, '118.186.207.7', 0, 0, 0, 0, 0, NULL, 0, 0, NULL, NULL, NULL, NULL, NULL, NULL),
(759, 'tuij@579.hjk', NULL, 'e10adc3949ba59abbe56e057f20f883e', 0, '../Public/images/header.jpg', 'tuij@579.hjk', 0, '1978-01-01', '', '', '', '', '', '', '118.186.207.7', 1357316121, 1, 1357318661, '118.186.207.7', 0, 0, 0, 0, 0, NULL, 0, 0, NULL, NULL, NULL, NULL, NULL, NULL),
(760, '512131438@qq.com', '好久不见。', '9b8a3d4d9c769ce23d69f6e014ce79c4', 0, '../Public/images/header.jpg', '512131438@qq.com', 0, '1978-01-01', '', '', '', '', '', '', '124.193.85.198', 1357375505, 1, 1357375509, '124.193.85.198', 0, 0, 0, 0, 0, NULL, 0, 0, NULL, NULL, NULL, NULL, NULL, NULL),
(761, 'wwf@hkl', NULL, 'e10adc3949ba59abbe56e057f20f883e', 0, '../Public/images/header.jpg', 'wwf@hkl', 0, '1978-01-01', '', '', '', '', '', '', '118.186.207.7', 1357399040, 1, 1357399373, '118.186.207.7', 0, 0, 0, 0, 0, NULL, 0, 0, NULL, NULL, NULL, NULL, NULL, NULL),
(762, 'sun@126.com', NULL, 'e10adc3949ba59abbe56e057f20f883e', 0, '../Public/images/header.jpg', 'sun@126.com', 0, '1978-01-01', '', '', '', '', '', '', '61.232.9.178', 1357435152, 1, 1357436759, '61.232.9.178', 0, 0, 0, 0, 0, NULL, 0, 0, NULL, NULL, NULL, NULL, NULL, NULL),
(763, 'sun1@126.com', NULL, 'e10adc3949ba59abbe56e057f20f883e', 0, '../Public/images/header.jpg', 'sun1@126.com', 0, '1978-01-01', '', '', '', '', '', '', '61.232.9.178', 1357436868, 1, 1357436870, '61.232.9.178', 0, 0, 0, 0, 0, NULL, 0, 0, NULL, NULL, NULL, NULL, NULL, NULL),
(764, 'adsgadgsdg', NULL, '96e79218965eb72c92a549dd5a330112', 0, '../Public/images/header.jpg', '5465454@qq.com', 0, '1978-01-01', '', '', '', '', '', '', '61.232.9.178', 1357438107, 1, 1357438107, '0', 0, 0, 0, 0, 0, NULL, 0, 0, NULL, NULL, NULL, NULL, NULL, NULL),
(765, 'sfg', NULL, 'e10adc3949ba59abbe56e057f20f883e', 0, '../Public/images/header.jpg', 'sfg', 0, '1978-01-01', '', '', '', '', '', '', '61.232.9.178', 1357458196, 1, 1357459357, '61.232.9.178', 0, 0, 0, 0, 0, NULL, 0, 0, NULL, NULL, NULL, NULL, NULL, NULL),
(766, 'huhu', '小花', '202cb962ac59075b964b07152d234b70', 0, '/data/Uploads/1357458498.jpg', 'jklj@163.com', 2, '1978-01-24', '啥啥啥啥啥大街', '河南', '安阳', '林州市', '', '', '61.232.9.178', 1357458365, 1, 1357458365, '0', 0, 0, 0, 0, 0, '15384889956', 0, 0, '小小花', '372356498615367845', NULL, NULL, NULL, NULL),
(767, '维码客2013', NULL, 'c33367701511b4f6020ec61ded352059', 0, '../Public/images/header.jpg', '244540321@qq.com', 0, '1978-01-01', '', '', '', '', '', '', '61.232.9.178', 1357463795, 1, 1357463795, '0', 0, 0, 0, 0, 0, NULL, 0, 0, NULL, NULL, NULL, NULL, NULL, NULL),
(768, '456856', NULL, 'e10adc3949ba59abbe56e057f20f883e', 0, '../Public/images/header.jpg', '456856', 0, '1978-01-01', '', '', '', '', '', '', '61.232.9.178', 1357465144, 1, 0, '0', 0, 0, 0, 0, 0, NULL, 0, 0, NULL, NULL, NULL, NULL, NULL, NULL),
(769, '147258', NULL, 'e10adc3949ba59abbe56e057f20f883e', 0, '../Public/images/header.jpg', '147258', 0, '1978-01-01', '', '', '', '', '', '', '61.232.9.178', 1357465268, 1, 0, '0', 0, 0, 0, 0, 0, NULL, 0, 0, NULL, NULL, NULL, NULL, NULL, NULL),
(770, '369258', NULL, 'e10adc3949ba59abbe56e057f20f883e', 0, '../Public/images/header.jpg', '369258', 0, '1978-01-01', '', '', '', '', '', '', '61.232.9.178', 1357465625, 1, 0, '0', 0, 0, 0, 0, 0, NULL, 0, 0, NULL, NULL, NULL, NULL, NULL, NULL),
(771, '789456', NULL, '81dc9bdb52d04dc20036dbd8313ed055', 0, '../Public/images/header.jpg', '789456', 0, '1978-01-01', '', '', '', '', '', '', '61.232.9.178', 1357465929, 1, 1357486186, '118.186.207.8', 0, 0, 0, 0, 0, NULL, 0, 0, NULL, NULL, NULL, NULL, NULL, NULL),
(772, '1792666451', NULL, '5a66efe2b11bb5996512fe7461d9d445', 0, '../Public/images/header.jpg', '1792666451', 0, '1978-01-01', '', '', '', '', '', '', '219.141.159.39', 1357480045, 1, 1357480059, '219.141.159.39', 0, 0, 0, 0, 0, NULL, 0, 0, NULL, NULL, NULL, NULL, NULL, NULL),
(773, '123456789', NULL, 'e10adc3949ba59abbe56e057f20f883e', 0, '../Public/images/header.jpg', '123456789', 0, '1978-01-01', '', '', '', '', '', '', '118.186.207.8', 1357486290, 1, 1357486373, '118.186.207.8', 0, 0, 0, 0, 0, NULL, 0, 0, NULL, NULL, NULL, NULL, NULL, NULL),
(774, '123654', NULL, 'e10adc3949ba59abbe56e057f20f883e', 0, '../Public/images/header.jpg', '123654', 0, '1978-01-01', '', '', '', '', '', '', '61.232.9.178', 1357520369, 1, 0, '0', 0, 0, 0, 0, 0, NULL, 0, 0, NULL, NULL, NULL, NULL, NULL, NULL),
(775, '4566', NULL, '912ec803b2ce49e4a541068d495ab570', 0, '../Public/images/header.jpg', '4566', 0, '1978-01-01', '', '', '', '', '', '', '61.232.9.178', 1357521211, 1, 0, '0', 0, 0, 0, 0, 0, NULL, 0, 0, NULL, NULL, NULL, NULL, NULL, NULL),
(776, '159357', NULL, '38f0dc5c4e458b3820c2d1e1ef6ab040', 0, '../Public/images/header.jpg', '159357', 0, '1978-01-01', '', '', '', '', '', '', '61.232.9.178', 1357521350, 1, 0, '0', 0, 0, 0, 0, 0, NULL, 0, 0, NULL, NULL, NULL, NULL, NULL, NULL),
(777, '9dd9', NULL, 'e10adc3949ba59abbe56e057f20f883e', 0, '../Public/images/header.jpg', '9dd9', 0, '1978-01-01', '', '', '', '', '', '', '', 1357527363, 1, 1357527363, '0', 0, 0, 0, 0, 0, NULL, 0, 1, NULL, NULL, NULL, NULL, NULL, NULL),
(778, '963258741569', NULL, 'e10adc3949ba59abbe56e057f20f883e', 0, '../Public/images/header.jpg', '963258741569', 0, '1978-01-01', '', '', '', '', '', '', '', 1357527628, 1, 1357527628, '0', 0, 0, 0, 0, 0, NULL, 0, 1, NULL, NULL, NULL, NULL, NULL, NULL),
(779, '15090455786', NULL, 'fcea920f7412b5da7be0cf42b8c93759', 0, '../Public/images/header.jpg', '15090455786', 0, '1978-01-01', '', '', '', '', '', '', '', 1357527858, 1, 1357527858, '0', 0, 0, 0, 0, 0, NULL, 0, 1, NULL, NULL, NULL, NULL, NULL, NULL),
(780, '15090455781', NULL, 'fcea920f7412b5da7be0cf42b8c93759', 0, '../Public/images/header.jpg', '15090455781', 0, '1978-01-01', '', '', '', '', '', '', '', 1357528181, 1, 1357528181, '0', 0, 0, 0, 0, 0, NULL, 0, 1, NULL, NULL, NULL, NULL, NULL, NULL),
(957, '钱骏888', 'jjjj', 'ef6d3073ea61e8f5a2886609806c8263', 0, '../Public/images/header.jpg', 'hhhh', 0, '1978-01-01', '', '', '', '', '', '', '61.232.9.187', 1359775037, 1, 1362216723, '117.136.0.15', 0, 0, 0, 0, 0, NULL, 0, 0, NULL, NULL, NULL, NULL, NULL, NULL),
(782, '15090455783', NULL, 'e10adc3949ba59abbe56e057f20f883e', 0, '../Public/images/header.jpg', '15090455783', 0, '1978-01-01', '', '', '', '', '', '', '', 1357536903, 1, 1357568978, '118.186.207.8', 0, 0, 0, 0, 0, NULL, 0, 1, NULL, NULL, NULL, NULL, NULL, NULL),
(783, 'yikefangao', NULL, 'e10adc3949ba59abbe56e057f20f883e', 0, '../Public/images/header.jpg', '@', 0, '1978-01-01', '', '', '', '', '', '', '', 1357539644, 1, 1357541117, '61.232.9.178', 0, 0, 0, 0, 0, NULL, 0, 1, NULL, NULL, NULL, NULL, NULL, NULL),
(784, '3333333', NULL, '074fd28eff0f5adea071694061739e55', 0, '../Public/images/header.jpg', '3333333@qq.com', 0, '1978-01-01', '', '', '', '', '', '', '61.232.9.178', 1357539767, 1, 1357539767, '0', 0, 0, 0, 0, 0, NULL, 0, 0, NULL, NULL, NULL, NULL, NULL, NULL),
(785, '22222222', NULL, 'bae5e3208a3c700e3db642b6631e95b9', 0, '../Public/images/header.jpg', '@', 0, '1978-01-01', '', '', '', '', '', '', '', 1357539791, 1, 1357540571, '61.232.9.178', 0, 0, 0, 0, 0, NULL, 0, 1, NULL, NULL, NULL, NULL, NULL, NULL),
(786, 'meilimama1', NULL, 'e10adc3949ba59abbe56e057f20f883e', 0, '../Public/images/header.jpg', '@', 0, '1978-01-01', '', '', '', '', '', '', '', 1357541661, 1, 1357541661, '0', 0, 0, 0, 0, 0, NULL, 0, 1, NULL, NULL, NULL, NULL, NULL, NULL),
(787, 'meilimama2', NULL, 'e10adc3949ba59abbe56e057f20f883e', 0, '../Public/images/header.jpg', '@', 0, '1978-01-01', '', '', '', '', '', '', '', 1357541856, 1, 1357541856, '0', 0, 0, 0, 0, 0, NULL, 0, 1, NULL, NULL, NULL, NULL, NULL, NULL),
(788, 'meilimama3', NULL, 'e10adc3949ba59abbe56e057f20f883e', 0, '../Public/images/header.jpg', '@', 0, '1978-01-01', '', '', '', '', '', '', '', 1357542016, 1, 1357542070, '61.232.9.178', 0, 0, 0, 0, 0, NULL, 0, 1, NULL, NULL, NULL, NULL, NULL, NULL),
(789, 'meilimama4', NULL, 'e10adc3949ba59abbe56e057f20f883e', 0, '../Public/images/header.jpg', '@', 0, '1978-01-01', '', '', '', '', '', '', '', 1357542262, 1, 1357542262, '0', 0, 0, 0, 0, 0, NULL, 0, 1, NULL, NULL, NULL, NULL, NULL, NULL),
(790, 'meilimama5', NULL, 'e10adc3949ba59abbe56e057f20f883e', 0, '../Public/images/header.jpg', '@', 0, '1978-01-01', '', '', '', '', '', '', '', 1357542366, 1, 1357542366, '0', 0, 0, 0, 0, 0, NULL, 0, 1, NULL, NULL, NULL, NULL, NULL, NULL),
(791, 'meilimama6', NULL, 'e10adc3949ba59abbe56e057f20f883e', 0, '../Public/images/header.jpg', '@', 0, '1978-01-01', '', '', '', '', '', '', '', 1357542501, 1, 1357542501, '0', 0, 0, 0, 0, 0, NULL, 0, 1, NULL, NULL, NULL, NULL, NULL, NULL),
(792, 'meilimama7', NULL, 'e10adc3949ba59abbe56e057f20f883e', 0, '../Public/images/header.jpg', '@', 0, '1978-01-01', '', '', '', '', '', '', '', 1357542645, 1, 1357542645, '0', 0, 0, 0, 0, 0, NULL, 0, 1, NULL, NULL, NULL, NULL, NULL, NULL),
(793, 'meilimama8', NULL, 'e10adc3949ba59abbe56e057f20f883e', 0, '../Public/images/header.jpg', '@', 0, '1978-01-01', '', '', '', '', '', '', '', 1357542789, 1, 1357542789, '0', 0, 0, 0, 0, 0, NULL, 0, 1, NULL, NULL, NULL, NULL, NULL, NULL),
(794, 'meilimama9', NULL, 'e10adc3949ba59abbe56e057f20f883e', 0, '../Public/images/header.jpg', '@', 0, '1978-01-01', '', '', '', '', '', '', '', 1357543741, 1, 1357543741, '0', 0, 0, 0, 0, 0, NULL, 0, 1, NULL, NULL, NULL, NULL, NULL, NULL),
(795, 'meilimama10', NULL, 'e10adc3949ba59abbe56e057f20f883e', 0, '../Public/images/header.jpg', '@', 0, '1978-01-01', '', '', '', '', '', '', '', 1357544013, 1, 1357544013, '0', 0, 0, 0, 0, 0, NULL, 0, 1, NULL, NULL, NULL, NULL, NULL, NULL),
(796, 'meilimama11', NULL, 'e10adc3949ba59abbe56e057f20f883e', 0, '../Public/images/header.jpg', '@', 0, '1978-01-01', '', '', '', '', '', '', '', 1357544109, 1, 1357544109, '0', 0, 0, 0, 0, 0, NULL, 0, 1, NULL, NULL, NULL, NULL, NULL, NULL),
(797, 'meilimama12', NULL, 'e10adc3949ba59abbe56e057f20f883e', 0, '../Public/images/header.jpg', '@', 0, '1978-01-01', '', '', '', '', '', '', '', 1357544202, 1, 1357544202, '0', 0, 0, 0, 0, 0, NULL, 0, 1, NULL, NULL, NULL, NULL, NULL, NULL),
(798, 'meilimama13', NULL, 'e10adc3949ba59abbe56e057f20f883e', 0, '../Public/images/header.jpg', '@', 0, '1978-01-01', '', '', '', '', '', '', '', 1357544361, 1, 1357544361, '0', 0, 0, 0, 0, 0, NULL, 0, 1, NULL, NULL, NULL, NULL, NULL, NULL),
(799, 'meilimama14', NULL, 'e10adc3949ba59abbe56e057f20f883e', 0, '../Public/images/header.jpg', '@', 0, '1978-01-01', '', '', '', '', '', '', '', 1357544505, 1, 1357544505, '0', 0, 0, 0, 0, 0, NULL, 0, 1, NULL, NULL, NULL, NULL, NULL, NULL),
(800, 'meilimama15', NULL, 'e10adc3949ba59abbe56e057f20f883e', 0, '../Public/images/header.jpg', '@', 0, '1978-01-01', '', '', '', '', '', '', '', 1357544633, 1, 1357544633, '0', 0, 0, 0, 0, 0, NULL, 0, 1, NULL, NULL, NULL, NULL, NULL, NULL),
(801, 'meilimama16', NULL, 'e10adc3949ba59abbe56e057f20f883e', 0, '../Public/images/header.jpg', '@', 0, '1978-01-01', '', '', '', '', '', '', '', 1357544755, 1, 1357544755, '0', 0, 0, 0, 0, 0, NULL, 0, 1, NULL, NULL, NULL, NULL, NULL, NULL),
(802, 'meilimama17', NULL, 'e10adc3949ba59abbe56e057f20f883e', 0, '../Public/images/header.jpg', '@', 0, '1978-01-01', '', '', '', '', '', '', '', 1357544858, 1, 1357544858, '0', 0, 0, 0, 0, 0, NULL, 0, 1, NULL, NULL, NULL, NULL, NULL, NULL),
(803, 'meilimama18', NULL, 'e10adc3949ba59abbe56e057f20f883e', 0, '../Public/images/header.jpg', '@', 0, '1978-01-01', '', '', '', '', '', '', '', 1357544967, 1, 1357544967, '0', 0, 0, 0, 0, 0, NULL, 0, 1, NULL, NULL, NULL, NULL, NULL, NULL),
(804, 'meilimama19', NULL, 'e10adc3949ba59abbe56e057f20f883e', 0, '../Public/images/header.jpg', '@', 0, '1978-01-01', '', '', '', '', '', '', '', 1357545070, 1, 1357545070, '0', 0, 0, 0, 0, 0, NULL, 0, 1, NULL, NULL, NULL, NULL, NULL, NULL),
(805, 'meilimama20', NULL, 'e10adc3949ba59abbe56e057f20f883e', 0, '../Public/images/header.jpg', '@', 0, '1978-01-01', '', '', '', '', '', '', '', 1357545202, 1, 1357545202, '0', 0, 0, 0, 0, 0, NULL, 0, 1, NULL, NULL, NULL, NULL, NULL, NULL),
(806, 'meilimama21', NULL, 'e10adc3949ba59abbe56e057f20f883e', 0, '../Public/images/header.jpg', '@', 0, '1978-01-01', '', '', '', '', '', '', '', 1357545327, 1, 1357545327, '0', 0, 0, 0, 0, 0, NULL, 0, 1, NULL, NULL, NULL, NULL, NULL, NULL),
(807, 'meilimama22', NULL, 'e10adc3949ba59abbe56e057f20f883e', 0, '../Public/images/header.jpg', '@', 0, '1978-01-01', '', '', '', '', '', '', '', 1357545438, 1, 1357545438, '0', 0, 0, 0, 0, 0, NULL, 0, 1, NULL, NULL, NULL, NULL, NULL, NULL),
(808, 'meilimama23', NULL, 'e10adc3949ba59abbe56e057f20f883e', 0, '../Public/images/header.jpg', '@', 0, '1978-01-01', '', '', '', '', '', '', '', 1357545580, 1, 1357545580, '0', 0, 0, 0, 0, 0, NULL, 0, 1, NULL, NULL, NULL, NULL, NULL, NULL),
(958, '彭双888', '小本店铺', 'ef6d3073ea61e8f5a2886609806c8263', 0, '../Public/images/header.jpg', 's.peng@ciotg.com', 1, '1980-02-28', '', '吉林省', '四平市', '公主岭市', '', '', '61.232.9.187', 1359775056, 1, 1361150015, '61.232.9.187', 0, 0, 0, 0, 0, '15311886080', 0, 0, '彭双', '220004198002285213', NULL, NULL, NULL, NULL),
(810, ' 商益', NULL, 'f000852ed4471d98488472df8514c822', 0, '../Public/images/header.jpg', '1354410405@qq.com', 0, '1978-01-01', '', '', '', '', '', '', '111.192.167.94', 1357548633, 1, 1357548633, '0', 0, 0, 0, 0, 0, NULL, 0, 0, NULL, NULL, NULL, NULL, NULL, NULL),
(811, '654321', NULL, 'e10adc3949ba59abbe56e057f20f883e', 0, '../Public/images/header.jpg', '@', 0, '1978-01-01', '', '', '', '', '', '', '', 1357552720, 1, 1357552720, '0', 0, 0, 0, 0, 0, NULL, 0, 1, NULL, NULL, NULL, NULL, NULL, NULL),
(812, 'pshuang', '双锅', '8606400711f297e8d5d670a31f9f34f9', 0, '../Public/images/header.jpg', '476645871@qq.com', 1, '1999-01-01', '', '吉林', '长春', '榆树市', '', '', '', 1357610365, 1, 1357610365, '0', 0, 0, 0, 0, 0, '15311886080', 0, 1, '双锅', '10000000000000001', NULL, NULL, NULL, NULL),
(813, '408133936@qq.com', '湘约', 'd7ee2a8ba65e69fa5d9b414cb1f7b661', 0, '../Public/images/header.jpg', '408133936@qq.com', 0, '1978-01-01', '', '', '', '', '', '', '124.207.123.104', 1357615147, 1, 1362023712, '117.79.232.21', 0, 0, 0, 0, 0, NULL, 0, 0, NULL, NULL, NULL, NULL, NULL, NULL),
(814, 'dongtingyuan', NULL, 'e10adc3949ba59abbe56e057f20f883e', 0, '../Public/images/header.jpg', '@', 0, '1978-01-01', '', '', '', '', '', '', '', 1357622194, 1, 1362453184, '125.34.147.210', 0, 0, 0, 0, 0, NULL, 0, 1, NULL, NULL, NULL, NULL, NULL, NULL),
(815, 'yuanyuantang', NULL, 'e10adc3949ba59abbe56e057f20f883e', 0, '../Public/images/header.jpg', '@', 0, '1978-01-01', '', '', '', '', '', '', '', 1357628696, 1, 1357783171, '61.232.9.187', 0, 0, 0, 0, 0, NULL, 0, 1, NULL, NULL, NULL, NULL, NULL, NULL),
(816, 'jixiang', NULL, '56d00bfdeef341d8b48fdbdb47c624d1', 0, '../Public/images/header.jpg', 'jixiang6591@163.com', 0, '1978-01-01', '', '', '', '', '', '', '123.124.18.30', 1357637220, 1, 1357637220, '0', 0, 0, 0, 0, 0, NULL, 0, 0, NULL, NULL, NULL, NULL, NULL, NULL),
(817, 'shangdaokafei', NULL, 'e10adc3949ba59abbe56e057f20f883e', 0, '../Public/images/header.jpg', '@', 0, '1978-01-01', '', '', '', '', '', '', '', 1357699906, 1, 1357699906, '0', 0, 0, 0, 0, 0, NULL, 0, 1, NULL, NULL, NULL, NULL, NULL, NULL),
(818, 'yiyuantang', NULL, 'e10adc3949ba59abbe56e057f20f883e', 0, '../Public/images/header.jpg', '@', 0, '1978-01-01', '', '', '', '', '', '', '', 1357723534, 1, 1357723534, '0', 0, 0, 0, 0, 0, NULL, 0, 1, NULL, NULL, NULL, NULL, NULL, NULL),
(819, 'bingning225', NULL, 'bb4fc99d75d605b71042996509a53c8d', 0, '../Public/images/header.jpg', 'bingning225', 0, '1978-01-01', '', '', '', '', '', '', '61.232.9.187', 1357723695, 1, 1357723712, '61.232.9.187', 0, 0, 0, 0, 0, NULL, 0, 0, NULL, NULL, NULL, NULL, NULL, NULL),
(820, 'jieante', NULL, 'e10adc3949ba59abbe56e057f20f883e', 0, '../Public/images/header.jpg', '@', 0, '1978-01-01', '', '', '', '', '', '', '', 1357869606, 1, 1357870672, '61.232.9.187', 0, 0, 0, 0, 0, NULL, 0, 1, NULL, NULL, NULL, NULL, NULL, NULL),
(821, 'miqimiaomiaowu', NULL, 'e10adc3949ba59abbe56e057f20f883e', 0, '../Public/images/header.jpg', '@', 0, '1978-01-01', '', '', '', '', '', '', '', 1357869916, 1, 1357869916, '0', 0, 0, 0, 0, 0, NULL, 0, 1, NULL, NULL, NULL, NULL, NULL, NULL),
(822, 'dongfangziyu', NULL, 'e10adc3949ba59abbe56e057f20f883e', 0, '../Public/images/header.jpg', '@', 0, '1978-01-01', '', '', '', '', '', '', '', 1357870119, 1, 1357870119, '0', 0, 0, 0, 0, 0, NULL, 0, 1, NULL, NULL, NULL, NULL, NULL, NULL),
(823, 'jinbeimianshiguan', NULL, 'e10adc3949ba59abbe56e057f20f883e', 0, '../Public/images/header.jpg', '@', 0, '1978-01-01', '', '', '', '', '', '', '', 1357870270, 1, 1357870270, '0', 0, 0, 0, 0, 0, NULL, 0, 1, NULL, NULL, NULL, NULL, NULL, NULL),
(824, 'laojiaroubing', NULL, 'e10adc3949ba59abbe56e057f20f883e', 0, '../Public/images/header.jpg', '@', 0, '1978-01-01', '', '', '', '', '', '', '', 1357881103, 1, 1357881103, '0', 0, 0, 0, 0, 0, NULL, 0, 1, NULL, NULL, NULL, NULL, NULL, NULL),
(825, 'yuanshaguzheng', NULL, 'e10adc3949ba59abbe56e057f20f883e', 0, '../Public/images/header.jpg', '@', 0, '1978-01-01', '', '', '', '', '', '', '', 1357881977, 1, 1357881977, '0', 0, 0, 0, 0, 0, NULL, 0, 1, NULL, NULL, NULL, NULL, NULL, NULL),
(826, 'tutuzhuanyeyouergangqin', NULL, 'e10adc3949ba59abbe56e057f20f883e', 0, '../Public/images/header.jpg', '@', 0, '1978-01-01', '', '', '', '', '', '', '', 1357882158, 1, 1357882158, '0', 0, 0, 0, 0, 0, NULL, 0, 1, NULL, NULL, NULL, NULL, NULL, NULL),
(827, 'tutu', NULL, 'e10adc3949ba59abbe56e057f20f883e', 0, '../Public/images/header.jpg', '@', 0, '1978-01-01', '', '', '', '', '', '', '', 1357882343, 1, 1357882343, '0', 0, 0, 0, 0, 0, NULL, 0, 1, NULL, NULL, NULL, NULL, NULL, NULL),
(828, 'beijingsijidingcheng', NULL, 'e10adc3949ba59abbe56e057f20f883e', 0, '../Public/images/header.jpg', '@', 0, '1978-01-01', '', '', '', '', '', '', '', 1357896458, 1, 1357896458, '0', 0, 0, 0, 0, 0, NULL, 0, 1, NULL, NULL, NULL, NULL, NULL, NULL),
(829, 'youzhishenghuohufushenghuoguan', NULL, 'e10adc3949ba59abbe56e057f20f883e', 0, '../Public/images/header.jpg', '@', 0, '1978-01-01', '', '', '', '', '', '', '', 1357896915, 1, 1357896915, '0', 0, 0, 0, 0, 0, NULL, 0, 1, NULL, NULL, NULL, NULL, NULL, NULL),
(830, 'taijieganxi', NULL, 'e10adc3949ba59abbe56e057f20f883e', 0, '../Public/images/header.jpg', '@', 0, '1978-01-01', '', '', '', '', '', '', '', 1357897571, 1, 1357897571, '0', 0, 0, 0, 0, 0, NULL, 0, 1, NULL, NULL, NULL, NULL, NULL, NULL),
(831, 'zhenaishiguang', NULL, 'e10adc3949ba59abbe56e057f20f883e', 0, '../Public/images/header.jpg', '@', 0, '1978-01-01', '', '', '', '', '', '', '', 1357898152, 1, 1357898152, '0', 0, 0, 0, 0, 0, NULL, 0, 1, NULL, NULL, NULL, NULL, NULL, NULL),
(846, 'shaxianxiaochi2', NULL, 'e10adc3949ba59abbe56e057f20f883e', 0, '../Public/images/header.jpg', '@', 0, '1978-01-01', '', '', '', '', '', '', '', 1358388513, 1, 1358388513, '0', 0, 0, 0, 0, 0, NULL, 0, 1, NULL, NULL, NULL, NULL, NULL, NULL),
(832, 'xieboshi', NULL, 'e10adc3949ba59abbe56e057f20f883e', 0, '../Public/images/header.jpg', '@', 0, '1978-01-01', '', '', '', '', '', '', '', 1358154085, 1, 1358154085, '0', 0, 0, 0, 0, 0, NULL, 0, 1, NULL, NULL, NULL, NULL, NULL, NULL),
(833, 'chufengxuan', NULL, 'e10adc3949ba59abbe56e057f20f883e', 0, '../Public/images/header.jpg', '@', 0, '1978-01-01', '', '', '', '', '', '', '', 1358154418, 1, 1358154418, '0', 0, 0, 0, 0, 0, NULL, 0, 1, NULL, NULL, NULL, NULL, NULL, NULL),
(834, 'yiyakefei', NULL, 'e10adc3949ba59abbe56e057f20f883e', 0, '../Public/images/header.jpg', '@', 0, '1978-01-01', '', '', '', '', '', '', '', 1358154515, 1, 1358154515, '0', 0, 0, 0, 0, 0, NULL, 0, 1, NULL, NULL, NULL, NULL, NULL, NULL);
INSERT INTO `pp_user` (`id`, `name`, `nickname`, `passwd`, `money`, `img`, `email`, `sex`, `brithday`, `address`, `province`, `city`, `area`, `blog`, `info`, `ip`, `add_time`, `status`, `last_time`, `last_ip`, `share_num`, `like_num`, `follow_num`, `fans_num`, `album_num`, `tel`, `user_level`, `user_auth_level`, `truename`, `idcard`, `hobby`, `recommender`, `connectid`, `from`) VALUES
(835, 'zhangpeng', NULL, 'e10adc3949ba59abbe56e057f20f883e', 0, '../Public/images/header.jpg', '@', 0, '1978-01-01', '', '', '', '', '', '', '', 1358214996, 1, 1358214996, '0', 0, 0, 0, 0, 0, NULL, 0, 1, NULL, NULL, NULL, NULL, NULL, NULL),
(836, '四季鼎呈', NULL, '683fff7e4f34e28ba9e53351c0ee4545', 0, '../Public/images/header.jpg', '122609335@qq.com', 0, '1978-01-01', '', '', '', '', '', '', '125.34.11.85', 1358229002, 1, 1358229002, '0', 0, 0, 0, 0, 0, NULL, 0, 0, NULL, NULL, NULL, NULL, NULL, NULL),
(837, 'shanximianshiguan', NULL, 'e10adc3949ba59abbe56e057f20f883e', 0, '../Public/images/header.jpg', '@', 0, '1978-01-01', '', '', '', '', '', '', '', 1358241835, 1, 1358241835, '0', 0, 0, 0, 0, 0, NULL, 0, 1, NULL, NULL, NULL, NULL, NULL, NULL),
(838, 'wutongyumalatan', NULL, 'e10adc3949ba59abbe56e057f20f883e', 0, '../Public/images/header.jpg', '@', 0, '1978-01-01', '', '', '', '', '', '', '', 1358241930, 1, 1358241930, '0', 0, 0, 0, 0, 0, NULL, 0, 1, NULL, NULL, NULL, NULL, NULL, NULL),
(839, 'daifunier', NULL, 'e10adc3949ba59abbe56e057f20f883e', 0, '../Public/images/header.jpg', '@', 0, '1978-01-01', '', '', '', '', '', '', '', 1358242003, 1, 1358242003, '0', 0, 0, 0, 0, 0, NULL, 0, 1, NULL, NULL, NULL, NULL, NULL, NULL),
(840, 'siyaxuan', NULL, 'e10adc3949ba59abbe56e057f20f883e', 0, '../Public/images/header.jpg', '@', 0, '1978-01-01', '', '', '', '', '', '', '', 1358242115, 1, 1358242115, '0', 0, 0, 0, 0, 0, NULL, 0, 1, NULL, NULL, NULL, NULL, NULL, NULL),
(841, 'yiersaxiyi', NULL, 'e10adc3949ba59abbe56e057f20f883e', 0, '../Public/images/header.jpg', '@', 0, '1978-01-01', '', '', '', '', '', '', '', 1358242200, 1, 1358242200, '0', 0, 0, 0, 0, 0, NULL, 0, 1, NULL, NULL, NULL, NULL, NULL, NULL),
(842, 'aimingliangyanjing', NULL, 'e10adc3949ba59abbe56e057f20f883e', 0, '../Public/images/header.jpg', '@', 0, '1978-01-01', '', '', '', '', '', '', '', 1358242303, 1, 1358242303, '0', 0, 0, 0, 0, 0, NULL, 0, 1, NULL, NULL, NULL, NULL, NULL, NULL),
(843, 'silifang', NULL, 'e10adc3949ba59abbe56e057f20f883e', 0, '../Public/images/header.jpg', '@', 0, '1978-01-01', '', '', '', '', '', '', '', 1358242382, 1, 1358242382, '0', 0, 0, 0, 0, 0, NULL, 0, 1, NULL, NULL, NULL, NULL, NULL, NULL),
(844, 'wutongyu', NULL, 'e10adc3949ba59abbe56e057f20f883e', 0, '../Public/images/header.jpg', '@', 0, '1978-01-01', '', '', '', '', '', '', '', 1358242661, 1, 1358242661, '0', 0, 0, 0, 0, 0, NULL, 0, 1, NULL, NULL, NULL, NULL, NULL, NULL),
(845, '北京温妮', '温妮', '624308a726895982500d27809a182713', 0, '../Public/images/header.jpg', '15901067801@163.com', 2, '1966-08-01', '请输入详细地址', '北京', '北京', '东城区', '', '', '118.186.202.201', 1358293222, 1, 1362450549, '125.34.147.210', 0, 0, 0, 0, 0, '15901067801', 0, 0, '温妮', '', NULL, NULL, NULL, NULL),
(847, 'mamayijiaqin', NULL, 'e10adc3949ba59abbe56e057f20f883e', 0, '../Public/images/header.jpg', '@', 0, '1978-01-01', '', '', '', '', '', '', '', 1358388603, 1, 1358388603, '0', 0, 0, 0, 0, 0, NULL, 0, 1, NULL, NULL, NULL, NULL, NULL, NULL),
(848, '我长大了', NULL, 'c4449cb5116657e076c65f5b989bef6c', 0, '../Public/images/header.jpg', '871452773@qq.com', 0, '1978-01-01', '', '', '', '', '', '', '61.232.9.187', 1358389334, 1, 1358748660, '61.232.9.187', 0, 0, 0, 0, 0, NULL, 0, 0, NULL, NULL, NULL, NULL, NULL, NULL),
(849, 'jinshengyuan', NULL, 'dc5ee0c7baa8918549164300d0b7723c', 0, '../Public/images/header.jpg', '1192155261@qq.com', 0, '1978-01-01', '', '', '', '', '', '', '61.232.9.187', 1358389463, 1, 1361238897, '61.232.9.187', 0, 0, 0, 0, 0, NULL, 0, 0, NULL, NULL, NULL, 848, NULL, NULL),
(850, '温馨驿站', '温馨驿站', '624308a726895982500d27809a182713', 0, '../Public/images/header.jpg', '276911520@qq.com', 2, '1966-08-01', '', '北京', '北京', '东城区', '', '', '218.11.176.58', 1358394617, 1, 1358409378, '218.11.176.58', 0, 0, 0, 0, 0, '15901067801', 0, 0, '温馨驿站', '', NULL, NULL, NULL, NULL),
(851, 'keke_qiu', '', '6253ae5ff176f06937f80ed7ba47df32', 0, '../Public/images/header.jpg', '195456612@qq.com', 0, '1978-01-01', '', '省份', '地级市', '市、县级市、县', '', '', '61.232.9.187', 1358407217, 1, 1359900852, '61.232.9.187', 0, 0, 0, 0, 0, '', 0, 0, '', '', NULL, NULL, NULL, NULL),
(852, 'zhai88', NULL, '94d4dee37cf8c9d97054d07a135ea749', 0, '../Public/images/header.jpg', 'zrxh5360@sina.com', 0, '1978-01-01', '', '', '', '', '', '', '114.248.29.79', 1358409262, 1, 1358409262, '0', 0, 0, 0, 0, 0, NULL, 0, 0, NULL, NULL, NULL, 850, NULL, NULL),
(853, '147852', '', '83b4ef5ae4bb360c96628aecda974200', 0, '../Public/images/header.jpg', 'dsf@sdf.com', 0, '1978-01-01', '', '', '', '', '', '', '61.232.9.187', 1358410266, 1, 1358410266, '0', 0, 0, 0, 0, 0, '13812546982', 0, 0, '', '', NULL, NULL, NULL, NULL),
(854, 'qiaojiangnan', NULL, 'e10adc3949ba59abbe56e057f20f883e', 0, '../Public/images/header.jpg', '@', 0, '1978-01-01', '', '', '', '', '', '', '', 1358663129, 1, 1358663129, '0', 0, 0, 0, 0, 0, NULL, 0, 1, NULL, NULL, NULL, NULL, NULL, NULL),
(855, '1792666451@qq.com', NULL, '9940d2597694e12340241a3411a1770d', 0, '../Public/images/header.jpg', '1792666451@qq.com', 0, '1978-01-01', '', '', '', '', '', '', '219.141.159.53', 1358663543, 1, 1358663546, '219.141.159.53', 0, 0, 0, 0, 0, NULL, 0, 0, NULL, NULL, NULL, NULL, NULL, NULL),
(856, 'nathantf', NULL, 'fa36a9f2f85c1437601628bead50bb48', 0, '../Public/images/header.jpg', 'taurenwind@gmail.com', 0, '1978-01-01', '', '', '', '', '', '', '218.11.176.59', 1358673523, 1, 1358673523, '0', 0, 0, 0, 0, 0, NULL, 0, 0, NULL, NULL, NULL, 850, NULL, NULL),
(857, 'yichushangpin', NULL, 'e10adc3949ba59abbe56e057f20f883e', 0, '../Public/images/header.jpg', '@', 0, '1978-01-01', '', '', '', '', '', '', '', 1358742937, 1, 1358742937, '0', 0, 0, 0, 0, 0, NULL, 0, 1, NULL, NULL, NULL, NULL, NULL, NULL),
(858, 'yuihhh', NULL, '31b830af414ed3e9088bd26446fe1af3', 0, '../Public/images/header.jpg', '13869636963@193.com', 0, '1978-01-01', '', '', '', '', '', '', '61.232.9.187', 1358745939, 1, 1358745939, '0', 0, 0, 0, 0, 0, NULL, 0, 0, NULL, NULL, NULL, NULL, NULL, NULL),
(859, 'yuiyy ', NULL, 'c8837b23ff8aaa8a2dde915473ce0991', 0, '../Public/images/header.jpg', '@', 0, '1978-01-01', '', '', '', '', '', '', '', 1358746006, 1, 1358746006, '0', 0, 0, 0, 0, 0, NULL, 0, 1, NULL, NULL, NULL, NULL, NULL, NULL),
(860, '冰凝225', NULL, 'bb4fc99d75d605b71042996509a53c8d', 0, '../Public/images/header.jpg', '@', 0, '1978-01-01', '', '', '', '', '', '', '', 1358746203, 1, 1358746203, '0', 0, 0, 0, 0, 0, NULL, 0, 1, NULL, NULL, NULL, NULL, NULL, NULL),
(861, '来雪玲', NULL, '29701e732a3a6a07fadf1d06e140ced7', 0, '../Public/images/header.jpg', '302593079@qq.com', 0, '1978-01-01', '', '', '', '', '', '', '114.244.29.87', 1358752332, 1, 1358752332, '0', 0, 0, 0, 0, 0, NULL, 0, 0, NULL, NULL, NULL, NULL, NULL, NULL),
(862, '89517106', NULL, 'e10adc3949ba59abbe56e057f20f883e', 0, '../Public/images/header.jpg', '@', 0, '1978-01-01', '', '', '', '', '', '', '', 1358753588, 1, 1361525301, '61.232.9.187', 0, 0, 0, 0, 0, NULL, 0, 1, NULL, NULL, NULL, NULL, NULL, NULL),
(863, '789@789.com', NULL, '202cb962ac59075b964b07152d234b70', 0, '../Public/images/header.jpg', '789@789.com', 0, '1978-01-01', '', '', '', '', '', '', '61.232.9.187', 1358760322, 1, 1358822145, '61.232.9.187', 0, 0, 0, 0, 0, NULL, 0, 0, NULL, NULL, NULL, NULL, NULL, NULL),
(864, '345324565633534', NULL, '96e79218965eb72c92a549dd5a330112', 30, '../Public/images/header.jpg', 'asdsfsdfgsdgdsfg@qq.com', 0, '1978-01-01', '', '', '', '', '', '', '61.232.9.187', 1358826997, 1, 1358826997, '0', 0, 0, 0, 0, 0, NULL, 0, 0, NULL, NULL, NULL, NULL, NULL, NULL),
(865, 'qushiyangshengtang', NULL, 'e10adc3949ba59abbe56e057f20f883e', 0, '../Public/images/header.jpg', '286526088@qq。com', 0, '1978-01-01', '', '', '', '', '', '', '', 1358831723, 1, 1358831723, '0', 0, 0, 0, 0, 0, NULL, 0, 1, NULL, NULL, NULL, NULL, NULL, NULL),
(866, 'dayouchunbing', NULL, 'e10adc3949ba59abbe56e057f20f883e', 0, '../Public/images/header.jpg', '286526088@qq.com', 0, '1978-01-01', '', '', '', '', '', '', '', 1358832879, 1, 1361252623, '61.232.9.187', 0, 0, 0, 0, 0, NULL, 0, 1, NULL, NULL, NULL, NULL, NULL, NULL),
(867, 'yuezhihai', NULL, 'e10adc3949ba59abbe56e057f20f883e', 0, '../Public/images/header.jpg', '286526088@qq.com', 0, '1978-01-01', '', '', '', '', '', '', '', 1358832977, 1, 1358832977, '0', 0, 0, 0, 0, 0, NULL, 0, 1, NULL, NULL, NULL, NULL, NULL, NULL),
(868, '456@456.com', NULL, '202cb962ac59075b964b07152d234b70', 0, '../Public/images/header.jpg', '456@456.com', 0, '1978-01-01', '', '', '', '', '', '', '61.232.9.187', 1358849288, 1, 1358849290, '61.232.9.187', 0, 0, 0, 0, 0, NULL, 0, 0, NULL, NULL, NULL, NULL, NULL, NULL),
(869, 'lvming', NULL, '25f9e794323b453885f5181f1b624d0b', 0, '../Public/images/header.jpg', '352535359@qq.com', 0, '1978-01-01', '', '', '', '', '', '', '116.112.123.31', 1358862252, 1, 1358862252, '0', 0, 0, 0, 0, 0, NULL, 0, 0, NULL, NULL, NULL, NULL, NULL, NULL),
(870, 'jasion', NULL, 'effb09844e7aeb467cbc3ac75fddcaff', 0, '../Public/images/header.jpg', '1014505652@qq.com', 0, '1978-01-01', '', '', '', '', '', '', '60.16.56.158', 1358907686, 1, 1361157675, '221.200.232.157', 0, 0, 0, 0, 0, NULL, 0, 0, NULL, NULL, NULL, NULL, NULL, NULL),
(871, '18310137641', NULL, 'fcea920f7412b5da7be0cf42b8c93759', 0, '../Public/images/header.jpg', '18310137641', 0, '1978-01-01', '', '', '', '', '', '', '', 1358909145, 1, 1358909162, '61.232.9.187', 0, 0, 0, 0, 0, NULL, 0, 1, NULL, NULL, NULL, NULL, NULL, NULL),
(872, 'renjilaoshaguo', NULL, 'e10adc3949ba59abbe56e057f20f883e', 0, '../Public/images/header.jpg', '286526088@qq.com', 0, '1978-01-01', '', '', '', '', '', '', '', 1358917737, 1, 1358917737, '0', 0, 0, 0, 0, 0, NULL, 0, 1, NULL, NULL, NULL, NULL, NULL, NULL),
(873, 'TTT5', NULL, '202cb962ac59075b964b07152d234b70', 0, '../Public/images/header.jpg', 'mail@TTT.com', 0, '1978-01-01', '', '', '', '', '', '', '61.232.9.187', 1358937115, 1, 1358937391, '61.232.9.187', 0, 0, 0, 0, 0, NULL, 0, 0, NULL, NULL, NULL, NULL, NULL, NULL),
(874, 'TTT6', NULL, '202cb962ac59075b964b07152d234b70', 0, '../Public/images/header.jpg', 'mail@yahoo.com', 0, '1978-01-01', '', '', '', '', '', '', '61.232.9.187', 1358937217, 1, 0, '0', 0, 0, 0, 0, 0, NULL, 0, 0, NULL, NULL, NULL, NULL, NULL, NULL),
(875, 'Adfgadfg', NULL, '698d51a19d8a121ce581499d7b701668', 0, '../Public/images/header.jpg', 'adga', 0, '1978-01-01', '', '', '', '', '', '', '61.232.9.187', 1358937372, 1, 0, '0', 0, 0, 0, 0, 0, NULL, 0, 0, NULL, NULL, NULL, NULL, NULL, NULL),
(876, 'tianshuixiaochi', NULL, '1c83d18e1ff98c189fdbf4305c62bcb0', 0, '../Public/images/header.jpg', '286526088@qq.com', 0, '1978-01-01', '', '', '', '', '', '', '', 1358991840, 1, 1358991840, '0', 0, 0, 0, 0, 0, NULL, 0, 1, NULL, NULL, NULL, NULL, NULL, NULL),
(877, 'sun', NULL, '202cb962ac59075b964b07152d234b70', 0, '../Public/images/header.jpg', 'sun', 0, '1978-01-01', '', '', '', '', '', '', '', 1358993035, 1, 1358993035, '0', 0, 0, 0, 0, 0, NULL, 0, 1, NULL, NULL, NULL, NULL, NULL, NULL),
(878, '18310137894', NULL, '202cb962ac59075b964b07152d234b70', 0, '../Public/images/header.jpg', '18310137894', 0, '1978-01-01', '', '', '', '', '', '', '', 1358993194, 1, 1359010937, '61.232.9.187', 0, 0, 0, 0, 0, NULL, 0, 1, NULL, NULL, NULL, NULL, NULL, NULL),
(879, 'diqigefushi', NULL, 'e10adc3949ba59abbe56e057f20f883e', 0, '../Public/images/header.jpg', '286526088@qq.com', 0, '1978-01-01', '', '', '', '', '', '', '', 1359005624, 1, 1359005624, '0', 0, 0, 0, 0, 0, NULL, 0, 1, NULL, NULL, NULL, NULL, NULL, NULL),
(880, 'ahanshishangcanting', NULL, 'e10adc3949ba59abbe56e057f20f883e', 0, '../Public/images/header.jpg', '286526088@qq.com', 0, '1978-01-01', '', '', '', '', '', '', '', 1359005795, 1, 1359600791, '61.232.9.187', 0, 0, 0, 0, 0, NULL, 0, 1, NULL, NULL, NULL, NULL, NULL, NULL),
(881, '18310137895', NULL, '202cb962ac59075b964b07152d234b70', 0, '../Public/images/header.jpg', '18310137895', 0, '1978-01-01', '', '', '', '', '', '', '', 1359011007, 1, 1359011007, '0', 0, 0, 0, 0, 0, NULL, 0, 1, NULL, NULL, NULL, NULL, NULL, NULL),
(882, '18310137896', NULL, '202cb962ac59075b964b07152d234b70', 0, '../Public/images/header.jpg', '18310137896', 0, '1978-01-01', '', '', '', '', '', '', '', 1359011619, 1, 1359011619, '0', 0, 0, 0, 0, 0, NULL, 0, 1, NULL, NULL, NULL, NULL, NULL, NULL),
(883, '18310137891', NULL, '202cb962ac59075b964b07152d234b70', 0, '../Public/images/header.jpg', '18310137891', 0, '1978-01-01', '', '', '', '', '', '', '', 1359011800, 1, 1359011805, '61.232.9.187', 0, 0, 0, 0, 0, NULL, 0, 1, NULL, NULL, NULL, NULL, NULL, NULL),
(884, '18310137892', NULL, '202cb962ac59075b964b07152d234b70', 0, '../Public/images/header.jpg', '18310137892', 0, '1978-01-01', '', '', '', '', '', '', '', 1359012187, 1, 1359013044, '61.232.9.187', 0, 0, 0, 0, 0, NULL, 0, 1, NULL, NULL, NULL, NULL, NULL, NULL),
(885, 'sunxinqiang@126.com', NULL, 'e10adc3949ba59abbe56e057f20f883e', 0, '../Public/images/header.jpg', 'sunxinqiang@126.com', 0, '1978-01-01', '', '', '', '', '', '', '61.232.9.187', 1359019259, 1, 1359019710, '61.232.9.187', 0, 0, 0, 0, 0, NULL, 0, 0, NULL, NULL, NULL, NULL, NULL, NULL),
(886, 'qq', NULL, '202cb962ac59075b964b07152d234b70', 50, '../Public/images/header.jpg', 'qq', 0, '1978-01-01', '', '', '', '', '', '', '61.232.9.187', 1359020155, 1, 1359020484, '61.232.9.187', 0, 0, 0, 0, 0, NULL, 0, 0, NULL, NULL, NULL, NULL, NULL, NULL),
(887, 'rr', NULL, '202cb962ac59075b964b07152d234b70', 20, '../Public/images/header.jpg', 'rr', 0, '1978-01-01', '', '', '', '', '', '', '61.232.9.187', 1359079381, 1, 1359079384, '61.232.9.187', 0, 0, 0, 0, 0, NULL, 0, 0, NULL, NULL, NULL, NULL, NULL, NULL),
(888, 'ls1439904218@126.com', NULL, 'b88acc32ef7ccbf8c56e375b44fe193c', 20, '../Public/images/header.jpg', 'ls1439904218@126.com', 0, '1978-01-01', '', '', '', '', '', '', '61.232.9.187', 1359080826, 1, 1359080830, '61.232.9.187', 0, 0, 0, 0, 0, NULL, 0, 0, NULL, NULL, NULL, NULL, NULL, NULL),
(889, 'ee', NULL, 'c4ca4238a0b923820dcc509a6f75849b', 10, '../Public/images/header.jpg', 'ee', 0, '1978-01-01', '', '', '', '', '', '', '61.232.9.187', 1359093251, 1, 1359093253, '61.232.9.187', 0, 0, 0, 0, 0, NULL, 0, 0, NULL, NULL, NULL, NULL, NULL, NULL),
(890, 'Test101', NULL, '098f6bcd4621d373cade4e832627b4f6', 0, '../Public/images/header.jpg', 'Testmail', 0, '1978-01-01', '', '', '', '', '', '', '61.232.9.187', 1359097072, 1, 1359097237, '61.232.9.187', 0, 0, 0, 0, 0, NULL, 0, 0, NULL, NULL, NULL, NULL, NULL, NULL),
(891, 'Twert', NULL, '96e79218965eb72c92a549dd5a330112', 0, '../Public/images/header.jpg', 'Twert', 0, '1978-01-01', '', '', '', '', '', '', '', 1359102803, 1, 1359102803, '0', 0, 0, 0, 0, 0, NULL, 0, 1, NULL, NULL, NULL, NULL, NULL, NULL),
(892, 'Test102', NULL, '098f6bcd4621d373cade4e832627b4f6', 0, '../Public/images/header.jpg', 'Test102', 0, '1978-01-01', '', '', '', '', '', '', '', 1359103992, 1, 1359345003, '61.232.9.187', 0, 0, 0, 0, 0, NULL, 0, 1, NULL, NULL, NULL, NULL, NULL, NULL),
(893, 'hailanduo2', NULL, 'e10adc3949ba59abbe56e057f20f883e', 0, '../Public/images/header.jpg', '286526088@qq.com', 0, '1978-01-01', '', '', '', '', '', '', '', 1359106667, 1, 1359106667, '0', 0, 0, 0, 0, 0, NULL, 0, 1, NULL, NULL, NULL, NULL, NULL, NULL),
(894, 'mingyouzudao', NULL, 'e10adc3949ba59abbe56e057f20f883e', 0, '../Public/images/header.jpg', '286526088@qq.com', 0, '1978-01-01', '', '', '', '', '', '', '', 1359106779, 1, 1359106779, '0', 0, 0, 0, 0, 0, NULL, 0, 1, NULL, NULL, NULL, NULL, NULL, NULL),
(895, 'q', NULL, 'c4ca4238a0b923820dcc509a6f75849b', 40, '../Public/images/header.jpg', 'q', 0, '1978-01-01', '', '', '', '', '', '', '61.232.9.187', 1359163744, 1, 1361416414, '61.232.9.187', 0, 0, 0, 0, 0, NULL, 0, 0, NULL, NULL, NULL, NULL, NULL, NULL),
(896, 'oc', NULL, '698d51a19d8a121ce581499d7b701668', 30, '../Public/images/header.jpg', 'oc', 0, '1978-01-01', '', '', '', '', '', '', '61.232.9.187', 1359258762, 1, 1359258764, '61.232.9.187', 0, 0, 0, 0, 0, NULL, 0, 0, NULL, NULL, NULL, NULL, NULL, NULL),
(897, '1', NULL, 'c4ca4238a0b923820dcc509a6f75849b', 0, '../Public/images/header.jpg', '1', 0, '1978-01-01', '', '', '', '', '', '', '', 1359335827, 1, 1361254179, '61.232.9.187', 0, 0, 0, 0, 0, NULL, 0, 1, NULL, NULL, NULL, NULL, NULL, NULL),
(898, 'w', NULL, 'c4ca4238a0b923820dcc509a6f75849b', 0, '../Public/images/header.jpg', 'w', 0, '1978-01-01', '', '', '', '', '', '', '61.232.9.187', 1359351505, 1, 1359351507, '61.232.9.187', 0, 0, 0, 0, 0, NULL, 0, 0, NULL, NULL, NULL, NULL, NULL, NULL),
(899, 'tanlaoda', NULL, 'e10adc3949ba59abbe56e057f20f883e', 0, '../Public/images/header.jpg', '286526088@qq.com', 0, '1978-01-01', '', '', '', '', '', '', '', 1359365520, 1, 1359600952, '61.232.9.187', 0, 0, 0, 0, 0, NULL, 0, 1, NULL, NULL, NULL, NULL, NULL, NULL),
(900, 'h', '包偶家广告呵呵', 'c4ca4238a0b923820dcc509a6f75849b', 10, '../Public/images/header.jpg', 'h', 0, '1978-01-01', '', '', '', '', '', '', '61.232.9.187', 1359428804, 1, 1361254331, '61.232.9.187', 0, 0, 0, 0, 0, NULL, 0, 0, NULL, NULL, NULL, NULL, NULL, NULL),
(901, 'e', NULL, 'c4ca4238a0b923820dcc509a6f75849b', 0, '../Public/images/header.jpg', 'e', 0, '1978-01-01', '', '', '', '', '', '', '61.232.9.187', 1359450921, 1, 1359450925, '61.232.9.187', 0, 0, 0, 0, 0, NULL, 0, 0, NULL, NULL, NULL, NULL, NULL, NULL),
(902, 'Ty', NULL, '202cb962ac59075b964b07152d234b70', 0, '../Public/images/header.jpg', 'Ty', 0, '1978-01-01', '', '', '', '', '', '', '', 1359513291, 1, 1359513291, '0', 0, 0, 0, 0, 0, NULL, 0, 1, NULL, NULL, NULL, NULL, NULL, NULL),
(903, '18310137123', NULL, 'c4ca4238a0b923820dcc509a6f75849b', 0, '../Public/images/header.jpg', '18310137123', 0, '1978-01-01', '', '', '', '', '', '', '', 1359516542, 1, 1359620931, '61.232.9.187', 0, 0, 0, 0, 0, NULL, 0, 1, NULL, NULL, NULL, NULL, NULL, NULL),
(904, '18310137126', NULL, 'c4ca4238a0b923820dcc509a6f75849b', 0, '../Public/images/header.jpg', '18310137126', 0, '1978-01-01', '', '', '', '', '', '', '', 1359518564, 1, 1359518566, '61.232.9.187', 0, 0, 0, 0, 0, NULL, 0, 1, NULL, NULL, NULL, NULL, NULL, NULL),
(905, '963', NULL, 'c81e728d9d4c2f636f067f89cc14862c', 0, '../Public/images/header.jpg', '963', 0, '1978-01-01', '', '', '', '', '', '', '', 1359518789, 1, 1359538763, '61.232.9.187', 0, 0, 0, 0, 0, NULL, 0, 1, NULL, NULL, NULL, NULL, NULL, NULL),
(906, 'test106', NULL, '098f6bcd4621d373cade4e832627b4f6', 0, '../Public/images/header.jpg', 'test106', 0, '1978-01-01', '', '', '', '', '', '', '', 1359537123, 1, 1359611440, '61.232.9.187', 0, 0, 0, 0, 0, NULL, 0, 1, NULL, NULL, NULL, NULL, NULL, NULL),
(907, '8888', NULL, '250cf8b51c773f3f8dc8b4be867a9a02', 0, '../Public/images/header.jpg', '8888', 0, '1978-01-01', '', '', '', '', '', '', '', 1359595689, 1, 1359595689, '0', 0, 0, 0, 0, 0, NULL, 0, 1, NULL, NULL, NULL, NULL, NULL, NULL),
(908, '666', NULL, '250cf8b51c773f3f8dc8b4be867a9a02', 0, '../Public/images/header.jpg', '666', 0, '1978-01-01', '', '', '', '', '', '', '', 1359596074, 1, 1359596074, '0', 0, 0, 0, 0, 0, NULL, 0, 1, NULL, NULL, NULL, NULL, NULL, NULL),
(909, '555', NULL, '250cf8b51c773f3f8dc8b4be867a9a02', 0, '../Public/images/header.jpg', '555', 0, '1978-01-01', '', '', '', '', '', '', '', 1359596264, 1, 1359596264, '0', 0, 0, 0, 0, 0, NULL, 0, 1, NULL, NULL, NULL, NULL, NULL, NULL),
(910, '777', NULL, '250cf8b51c773f3f8dc8b4be867a9a02', 0, '../Public/images/header.jpg', '777', 0, '1978-01-01', '', '', '', '', '', '', '', 1359597627, 1, 1359597627, '0', 0, 0, 0, 0, 0, NULL, 0, 1, NULL, NULL, NULL, NULL, NULL, NULL),
(911, '8821', NULL, '250cf8b51c773f3f8dc8b4be867a9a02', 0, '../Public/images/header.jpg', '8821', 0, '1978-01-01', '', '', '', '', '', '', '', 1359598601, 1, 1359598601, '0', 0, 0, 0, 0, 0, NULL, 0, 1, NULL, NULL, NULL, NULL, NULL, NULL),
(912, '88021', NULL, '250cf8b51c773f3f8dc8b4be867a9a02', 0, '../Public/images/header.jpg', '88021', 0, '1978-01-01', '', '', '', '', '', '', '', 1359598814, 1, 1359598814, '0', 0, 0, 0, 0, 0, NULL, 0, 1, NULL, NULL, NULL, NULL, NULL, NULL),
(913, '18310131234', NULL, 'c4ca4238a0b923820dcc509a6f75849b', 0, '../Public/images/header.jpg', '18310131234', 0, '1978-01-01', '', '', '', '', '', '', '', 1359600008, 1, 1359621306, '61.232.9.187', 0, 0, 0, 0, 0, NULL, 0, 1, NULL, NULL, NULL, NULL, NULL, NULL),
(914, '颜沛贤', NULL, 'f3cd3a30041fb6bb38da8bda843de5ba', 0, 'http://tp4.sinaimg.cn/1661034915/50/1258506863/1', '@', 1, '1978-01-01', '山东 烟台', '37', '6', '', '', '', '', 1359620751, 1, 1359620751, '61.232.9.187', 0, 0, 0, 0, 0, NULL, 0, 0, NULL, NULL, NULL, NULL, NULL, NULL),
(915, '颜沛贤', NULL, 'f3cd3a30041fb6bb38da8bda843de5ba', 0, 'http://tp4.sinaimg.cn/1661034915/50/1258506863/1', '@', 1, '1978-01-01', '山东 烟台', '37', '6', '', '', '', '', 1359620820, 1, 1359620820, '61.232.9.187', 0, 0, 0, 0, 0, NULL, 0, 0, NULL, NULL, NULL, NULL, NULL, NULL),
(916, '颜沛贤', NULL, 'f3cd3a30041fb6bb38da8bda843de5ba', 0, 'http://tp4.sinaimg.cn/1661034915/50/1258506863/1', '@', 1, '1978-01-01', '山东 烟台', '37', '6', '', '', '', '', 1359620997, 1, 1359620997, '61.232.9.187', 0, 0, 0, 0, 0, NULL, 0, 0, NULL, NULL, NULL, NULL, NULL, NULL),
(917, '颜沛贤', '万岁', 'f3cd3a30041fb6bb38da8bda843de5ba', 0, 'http://tp4.sinaimg.cn/1661034915/50/1258506863/1', '@', 1, '1978-01-01', '山东 烟台', '37', '6', '', '', '', '', 1359621240, 1, 1359621240, '61.232.9.187', 0, 0, 0, 0, 0, NULL, 0, 0, NULL, NULL, NULL, NULL, '1661034915', 'sina'),
(918, '111', NULL, 'c4ca4238a0b923820dcc509a6f75849b', 0.3, '../Public/images/header.jpg', '111', 0, '1978-01-01', '', '', '', '', '', '', '', 1359621367, 1, 1362459194, '117.136.0.90', 0, 0, 0, 0, 0, NULL, 0, 1, NULL, NULL, NULL, NULL, NULL, NULL),
(919, 'iOS一直在我世界里', 'iOS一直在我世界里', '099b3b060154898840f0ebdfb46ec78f', 0, 'http://qzapp.qlogo.cn/qzapp/100367605/B3B17E20C42074A3870C5092FEB7E979/50', '@', 0, '1978-01-01', '', '', '', '', '', '', '', 1359691619, 1, 1359691619, '61.232.9.187', 0, 0, 0, 0, 0, NULL, 0, 0, NULL, NULL, NULL, NULL, 'B3B17E20C42074A3870C5092FEB7E979', 'QQ'),
(920, 'ypxloveynn', '颜沛贤', '3da576879001c77b442b9f8ef95c09d6', 0, 'http://app.qlogo.cn/mbloghead/867965fd41d823e6129e', '@', 0, '1978-01-01', '', '', '', '', '', '', '', 1359698954, 1, 1359698954, '61.232.9.187', 0, 0, 0, 0, 0, NULL, 0, 0, NULL, NULL, NULL, NULL, '168252040232975', 'tencent'),
(921, '脚指头', '', 'e10adc3949ba59abbe56e057f20f883e', 0, '../Public/images/header.jpg', 'zhangpeng217217@sina.com', 1, '1984-04-05', '请输入详细地址', '北京市', '北京市', '大兴区', '', '', '61.232.9.187', 1359700623, 1, 1362452802, '125.34.147.210', 0, 0, 0, 0, 0, '15201037055', 0, 0, '张鹏', '140322198404051819', NULL, NULL, NULL, NULL),
(922, '颜沛贤', '颜沛贤', 'c20b082efdd04af2d548eeb8aed71ca7', 0, 'http://hdn.xnimg.cn/photos/hdn121/20110326/1740/h_tiny_k4gg_01770000567e2f74.jpg', '@', 1, '1978-01-01', '', '', '', '', '', '', '', 1359701004, 1, 1359701004, '61.232.9.187', 0, 0, 0, 0, 0, NULL, 0, 0, NULL, NULL, NULL, NULL, '230016620', 'renren'),
(923, '宝哥哥', NULL, '126cdefe9423b4aa8f9152a8cb0da4b6', 0, '../Public/images/header.jpg', '7328001@qq.com', 0, '1978-01-01', '', '', '', '', '', '', '61.232.9.187', 1359701948, 1, 1359701948, '0', 0, 0, 0, 0, 0, NULL, 0, 0, NULL, NULL, NULL, NULL, NULL, NULL),
(924, '颜沛贤', '颜沛贤', '0fb63eee3434c19c3e6b061ad06a767a', 0, 'http://img3.douban.com/icon/user_normal.jpg', '@', 0, '1978-01-01', '', '', '', '', '', '', '', 1359705053, 1, 1359705053, '61.232.9.187', 0, 0, 0, 0, 0, NULL, 0, 0, NULL, NULL, NULL, NULL, '65404684', 'douban'),
(925, '凝儿', '凝儿', 'e10adc3949ba59abbe56e057f20f883e', 0, '../Public/images/header.jpg', '1056982895@qq.com', 2, '1988-02-25', '请输入详细地址', '北京市', '北京市', '大兴区', '', '', '61.232.9.187', 1359705462, 1, 1361958992, '61.232.9.187', 0, 0, 0, 0, 0, '', 0, 0, '', '', NULL, NULL, NULL, NULL),
(926, '秦伟臣', NULL, 'aa0f7bae9227b3200d2e67128b64d43f', 0, '../Public/images/header.jpg', '492827678@qq.com', 0, '1978-01-01', '', '', '', '', '', '', '61.232.9.187', 1359706632, 1, 1361782716, '61.232.9.187', 0, 0, 0, 0, 0, NULL, 0, 0, NULL, NULL, NULL, NULL, NULL, NULL),
(927, 'anzhimeirongjigou', NULL, 'e10adc3949ba59abbe56e057f20f883e', 0, '../Public/images/header.jpg', '286526088@qq.com', 0, '1978-01-01', '', '', '', '', '', '', '', 1359706775, 1, 1359708823, '61.232.9.187', 0, 0, 0, 0, 0, NULL, 0, 1, NULL, NULL, NULL, NULL, NULL, NULL),
(928, '35314534562345235', NULL, '96e79218965eb72c92a549dd5a330112', 0, '../Public/images/header.jpg', '23424353252352@qq.com', 0, '1978-01-01', '', '', '', '', '', '', '61.232.9.187', 1359706973, 1, 1359706973, '0', 0, 0, 0, 0, 0, NULL, 0, 0, NULL, NULL, NULL, NULL, NULL, NULL),
(929, '1423435谈完4尔特私人游艇', NULL, '96e79218965eb72c92a549dd5a330112', 0, '../Public/images/header.jpg', 'zhy_z131243xx@163.com', 0, '1978-01-01', '', '', '', '', '', '', '', 1359707010, 1, 1359707010, '0', 0, 0, 0, 0, 0, NULL, 0, 1, NULL, NULL, NULL, NULL, NULL, NULL),
(930, '444444', NULL, '73882ab1fa529d7273da0db6b49cc4f3', 0, '../Public/images/header.jpg', '444444@333.com', 0, '1978-01-01', '', '', '', '', '', '', '', 1359707714, 1, 1359707714, '0', 0, 0, 0, 0, 0, NULL, 0, 1, NULL, NULL, NULL, NULL, NULL, NULL),
(931, '33', NULL, 'c4ca4238a0b923820dcc509a6f75849b', 0, '../Public/images/header.jpg', '33', 0, '1978-01-01', '', '', '', '', '', '', '', 1359709040, 1, 1359709043, '61.232.9.187', 0, 0, 0, 0, 0, NULL, 0, 1, NULL, NULL, NULL, NULL, NULL, NULL),
(932, 'huahua', NULL, 'e10adc3949ba59abbe56e057f20f883e', 0, '../Public/images/header.jpg', 'dengxm1025@163.com', 0, '1978-01-01', '', '', '', '', '', '', '61.232.9.187', 1359771109, 1, 1359771109, '0', 0, 0, 0, 0, 0, NULL, 0, 0, NULL, NULL, NULL, NULL, NULL, NULL),
(933, 'dengmy', NULL, 'e10adc3949ba59abbe56e057f20f883e', 0, '../Public/images/header.jpg', 'dengxm1025@163.com', 0, '1978-01-01', '', '', '', '', '', '', '', 1359771213, 1, 1359771213, '0', 0, 0, 0, 0, 0, NULL, 0, 1, NULL, NULL, NULL, NULL, NULL, NULL),
(934, '任殿国888', NULL, 'ef6d3073ea61e8f5a2886609806c8263', 0, '../Public/images/header.jpg', 'dg.ren@ciotg.com', 0, '1978-01-01', '', '', '', '', '', '', '61.232.9.187', 1359773308, 1, 1359773308, '0', 0, 0, 0, 0, 0, NULL, 0, 0, NULL, NULL, NULL, NULL, NULL, NULL),
(935, '陈骥888', NULL, 'ef6d3073ea61e8f5a2886609806c8263', 0, '../Public/images/header.jpg', 'j.chen@ciotg.com', 0, '1978-01-01', '', '', '', '', '', '', '61.232.9.187', 1359773348, 1, 1359773348, '0', 0, 0, 0, 0, 0, NULL, 0, 0, NULL, NULL, NULL, NULL, NULL, NULL),
(936, '王虹焰888', NULL, 'ef6d3073ea61e8f5a2886609806c8263', 0, '../Public/images/header.jpg', 'hy.wang@ciotg.com', 0, '1978-01-01', '', '', '', '', '', '', '61.232.9.187', 1359773407, 1, 1359773407, '0', 0, 0, 0, 0, 0, NULL, 0, 0, NULL, NULL, NULL, NULL, NULL, NULL),
(937, '苏小强888', NULL, 'ef6d3073ea61e8f5a2886609806c8263', 0, '../Public/images/header.jpg', 'andy.su@ciotg.com', 0, '1978-01-01', '', '', '', '', '', '', '61.232.9.187', 1359773431, 1, 1359773431, '0', 0, 0, 0, 0, 0, NULL, 0, 0, NULL, NULL, NULL, NULL, NULL, NULL),
(938, '刘成刚888', NULL, 'ef6d3073ea61e8f5a2886609806c8263', 0, '../Public/images/header.jpg', 'cg.liu@ciotg.com', 0, '1978-01-01', '', '', '', '', '', '', '61.232.9.187', 1359773451, 1, 1359773451, '0', 0, 0, 0, 0, 0, NULL, 0, 0, NULL, NULL, NULL, NULL, NULL, NULL),
(939, '秦伟臣888', NULL, 'ef6d3073ea61e8f5a2886609806c8263', 0.15, '../Public/images/header.jpg', 'wc.qin@ciotg.com', 0, '1978-01-01', '', '', '', '', '', '', '61.232.9.187', 1359773471, 1, 1361785418, '61.232.9.187', 0, 0, 0, 0, 0, NULL, 0, 0, NULL, NULL, NULL, NULL, NULL, NULL),
(940, '刘金雨888', NULL, 'ef6d3073ea61e8f5a2886609806c8263', 0, '../Public/images/header.jpg', 'jy.liu@ciotg.com', 0, '1978-01-01', '', '', '', '', '', '', '61.232.9.187', 1359773558, 1, 1359773558, '0', 0, 0, 0, 0, 0, NULL, 0, 0, NULL, NULL, NULL, NULL, NULL, NULL),
(941, '陈莎莎888', NULL, 'ef6d3073ea61e8f5a2886609806c8263', 0, '../Public/images/header.jpg', 'ss.chen@ciotg.com', 0, '1978-01-01', '', '', '', '', '', '', '61.232.9.187', 1359773589, 1, 1359773589, '0', 0, 0, 0, 0, 0, NULL, 0, 0, NULL, NULL, NULL, NULL, NULL, NULL),
(942, '商海江888', NULL, 'ef6d3073ea61e8f5a2886609806c8263', 0, '../Public/images/header.jpg', 'hj.shang@ciotg.com', 0, '1978-01-01', '', '', '', '', '', '', '61.232.9.187', 1359773633, 1, 1359773633, '0', 0, 0, 0, 0, 0, NULL, 0, 0, NULL, NULL, NULL, NULL, NULL, NULL),
(943, '刘磊888', NULL, 'ef6d3073ea61e8f5a2886609806c8263', 0, '../Public/images/header.jpg', 'l.liu@ciotg.com', 0, '1978-01-01', '', '', '', '', '', '', '61.232.9.187', 1359773655, 1, 1359773655, '0', 0, 0, 0, 0, 0, NULL, 0, 0, NULL, NULL, NULL, NULL, NULL, NULL),
(944, '丁玉辰888', NULL, 'ef6d3073ea61e8f5a2886609806c8263', 0, '../Public/images/header.jpg', 'yc.ding@ciotg.com', 0, '1978-01-01', '', '', '', '', '', '', '61.232.9.187', 1359773682, 1, 1359773682, '0', 0, 0, 0, 0, 0, NULL, 0, 0, NULL, NULL, NULL, NULL, NULL, NULL),
(945, '邱晨888', NULL, 'ef6d3073ea61e8f5a2886609806c8263', 0, '../Public/images/header.jpg', 'c.qiu@ciotg.com', 0, '1978-01-01', '', '', '', '', '', '', '61.232.9.187', 1359773831, 1, 1359967876, '61.232.9.187', 0, 0, 0, 0, 0, NULL, 0, 0, NULL, NULL, NULL, NULL, NULL, NULL),
(946, '哈晓柳888', NULL, 'ef6d3073ea61e8f5a2886609806c8263', 0, '../Public/images/header.jpg', 'xl.ha@ciotg.com', 0, '1978-01-01', '', '', '', '', '', '', '61.232.9.187', 1359773853, 1, 1359773853, '0', 0, 0, 0, 0, 0, NULL, 0, 0, NULL, NULL, NULL, NULL, NULL, NULL),
(947, '赵越888', NULL, 'ef6d3073ea61e8f5a2886609806c8263', 0, '../Public/images/header.jpg', 'y.zhao@ciotg.com', 0, '1978-01-01', '', '', '', '', '', '', '61.232.9.187', 1359773872, 1, 1361409656, '61.232.9.187', 0, 0, 0, 0, 0, NULL, 0, 0, NULL, NULL, NULL, NULL, NULL, NULL),
(948, '陈平斌888', '小陈', 'ef6d3073ea61e8f5a2886609806c8263', 0, '../Public/images/header.jpg', '294306275@qq.com', 0, '1978-01-01', '', '', '', '', '', '', '61.232.9.187', 1359773896, 1, 1361973757, '122.71.220.131', 0, 0, 0, 0, 0, NULL, 0, 0, NULL, NULL, NULL, NULL, NULL, NULL),
(949, '邓美燕888', NULL, 'ef6d3073ea61e8f5a2886609806c8263', 0, '../Public/images/header.jpg', 'my.deng@ciotg.com', 0, '1978-01-01', '', '', '', '', '', '', '61.232.9.187', 1359774198, 1, 1359774198, '0', 0, 0, 0, 0, 0, NULL, 0, 0, NULL, NULL, NULL, NULL, NULL, NULL),
(950, '孙新强888', NULL, 'ef6d3073ea61e8f5a2886609806c8263', 0, '../Public/images/header.jpg', 'xq.sun@ciotg.com', 0, '1978-01-01', '', '', '', '', '', '', '61.232.9.187', 1359774219, 1, 1361929481, '61.232.9.187', 0, 0, 0, 0, 0, NULL, 0, 0, NULL, NULL, NULL, NULL, NULL, NULL),
(951, '焦向斌888', '一条', 'ef6d3073ea61e8f5a2886609806c8263', 0.15, '../Public/images/header.jpg', 'xb.jiao@ciotg.com', 0, '1978-01-01', '', '', '', '', '', '', '61.232.9.187', 1359774243, 1, 1362106161, '61.232.9.187', 0, 0, 0, 0, 0, NULL, 0, 0, NULL, NULL, NULL, NULL, NULL, NULL),
(952, '颜沛贤888', '万万岁', 'ef6d3073ea61e8f5a2886609806c8263', 0, '../Public/images/header.jpg', 'px.yan@ciotg.com', 0, '1978-01-01', '', '', '', '', '', '', '61.232.9.187', 1359774262, 1, 1361526263, '61.232.9.187', 0, 0, 0, 0, 0, NULL, 0, 0, NULL, NULL, NULL, NULL, NULL, NULL),
(953, '侯晓芹888', NULL, 'ef6d3073ea61e8f5a2886609806c8263', 0, '../Public/images/header.jpg', 'xq.hou@ciotg.com', 0, '1978-01-01', '', '', '', '', '', '', '61.232.9.187', 1359774282, 1, 1359774282, '0', 0, 0, 0, 0, 0, NULL, 0, 0, NULL, NULL, NULL, NULL, NULL, NULL),
(954, '张鹏888', NULL, 'ef6d3073ea61e8f5a2886609806c8263', 0, '../Public/images/header.jpg', 'p.zhang@ciotg.com', 0, '1978-01-01', '', '', '', '', '', '', '61.232.9.187', 1359774299, 1, 1359774299, '0', 0, 0, 0, 0, 0, NULL, 0, 0, NULL, NULL, NULL, NULL, NULL, NULL),
(955, '吕慧琳888', NULL, 'ef6d3073ea61e8f5a2886609806c8263', 0, '../Public/images/header.jpg', 'hl.lv@ciotg.com', 0, '1978-01-01', '', '', '', '', '', '', '61.232.9.187', 1359774316, 1, 1359774316, '0', 0, 0, 0, 0, 0, NULL, 0, 0, NULL, NULL, NULL, NULL, NULL, NULL),
(956, '王欢888', NULL, 'ef6d3073ea61e8f5a2886609806c8263', 0, '../Public/images/header.jpg', 'h.wang@ciotg.com', 0, '1978-01-01', '', '', '', '', '', '', '61.232.9.187', 1359774338, 1, 1361151424, '61.232.9.187', 0, 0, 0, 0, 0, NULL, 0, 0, NULL, NULL, NULL, NULL, NULL, NULL),
(959, 'muyi', NULL, 'e10adc3949ba59abbe56e057f20f883e', 0, '../Public/images/header.jpg', '371451511@qq.com', 0, '1978-01-01', '', '', '', '', '', '', '180.77.199.163', 1359775751, 1, 1359775751, '0', 0, 0, 0, 0, 0, NULL, 0, 0, NULL, NULL, NULL, NULL, NULL, NULL),
(960, '林少能888', NULL, 'ef6d3073ea61e8f5a2886609806c8263', 0, '../Public/images/header.jpg', 'sn.lin@ciotg.com', 0, '1978-01-01', '', '', '', '', '', '', '61.232.9.187', 1359777156, 1, 1359777156, '0', 0, 0, 0, 0, 0, NULL, 0, 0, NULL, NULL, NULL, NULL, NULL, NULL),
(961, '星巴克咖啡', NULL, 'aa0f7bae9227b3200d2e67128b64d43f', 0, '../Public/images/header.jpg', '1178624213@qq.com', 0, '1978-01-01', '', '', '', '', '', '', '61.232.9.187', 1359784215, 1, 1361243650, '61.232.9.187', 0, 0, 0, 0, 0, NULL, 0, 0, NULL, NULL, NULL, 926, NULL, NULL),
(962, '星巴克', NULL, 'aa0f7bae9227b3200d2e67128b64d43f', 0, '../Public/images/header.jpg', '654394255@qq.com', 0, '1978-01-01', '', '', '', '', '', '', '', 1359784939, 1, 1361253540, '61.232.9.187', 0, 0, 0, 0, 0, NULL, 0, 1, NULL, NULL, NULL, NULL, NULL, NULL),
(963, 'test108', NULL, '098f6bcd4621d373cade4e832627b4f6', 0, '../Public/images/header.jpg', 'test108', 0, '1978-01-01', '', '', '', '', '', '', '', 1359786832, 1, 1359786858, '61.232.9.187', 0, 0, 0, 0, 0, NULL, 0, 1, NULL, NULL, NULL, NULL, NULL, NULL),
(964, '295723485@qq.com', '峰之极', 'f54c69dc339bec7bc5c3e54aea2d079d', 0, '../Public/images/header.jpg', '295723485@qq.com', 1, '1986-09-26', '经四路288号恒昌大厦1602室', '山东省', '济南市', '市中区', '', '', '120.192.72.98', 1359859157, 1, 1359859157, '0', 0, 0, 0, 0, 0, '13406416080', 0, 0, '宋造峰', '371427198609265512', NULL, NULL, NULL, NULL),
(965, 'szncsy@163.com', '树农', '24c7d8d626a3806b3c474f5b3113b3db', 0, '../Public/images/header.jpg', 'szncsy@163.com', 0, '1978-01-01', '', '', '', '', '', '', '60.7.26.141', 1359900637, 1, 1362448978, '221.194.30.130', 0, 0, 0, 0, 0, NULL, 0, 0, NULL, NULL, NULL, NULL, NULL, NULL),
(966, 'cece', NULL, '202cb962ac59075b964b07152d234b70', 0, '../Public/images/header.jpg', 'dsf@sina.com', 0, '1978-01-01', '', '', '', '', '', '', '', 1359961250, 1, 1359961250, '0', 0, 0, 0, 0, 0, NULL, 0, 1, NULL, NULL, NULL, NULL, NULL, NULL),
(967, 'ithgfg778@qq.com', NULL, 'e10adc3949ba59abbe56e057f20f883e', 0, '../Public/images/header.jpg', 'ithgfg778@qq.com', 0, '1978-01-01', '', '', '', '', '', '', '61.50.131.96', 1359984252, 1, 1361971035, '61.50.131.96', 0, 0, 0, 0, 0, NULL, 0, 0, NULL, NULL, NULL, NULL, NULL, NULL),
(968, 'ygvjj@126.com', NULL, 'e10adc3949ba59abbe56e057f20f883e', 0, '../Public/images/header.jpg', 'ygvjj@126.com', 0, '1978-01-01', '', '', '', '', '', '', '', 1359984877, 1, 1361542711, '61.50.131.96', 0, 0, 0, 0, 0, NULL, 0, 1, NULL, NULL, NULL, NULL, NULL, NULL),
(969, '562950772', NULL, '9b8d1a98f195ee7d75164f45c04e5967', 0, '../Public/images/header.jpg', '562950772@qq.com', 0, '1978-01-01', '', '', '', '', '', '', '122.74.200.24', 1360850583, 1, 1361543675, '122.74.195.175', 0, 0, 0, 0, 0, NULL, 0, 0, NULL, NULL, NULL, NULL, NULL, NULL),
(970, 'yuxang123', NULL, '1b7a8c25b10fa3413fb0b41fa8aa2440', 0, '../Public/images/header.jpg', '1322373157@qq.com', 0, '1978-01-01', '', '', '', '', '', '', '125.39.238.156', 1361099597, 1, 1361099597, '0', 0, 0, 0, 0, 0, NULL, 0, 0, NULL, NULL, NULL, NULL, NULL, NULL),
(971, 'ww', NULL, 'c20ad4d76fe97759aa27a0c99bff6710', 0, '../Public/images/header.jpg', 'ww', 0, '1978-01-01', '', '', '', '', '', '', '', 1361157886, 1, 1361258353, '61.232.9.187', 0, 0, 0, 0, 0, NULL, 0, 1, NULL, NULL, NULL, NULL, NULL, NULL),
(972, 'Y.wenfushi', NULL, 'e10adc3949ba59abbe56e057f20f883e', 0, '../Public/images/header.jpg', '286526088@qq.com', 0, '1978-01-01', '', '', '', '', '', '', '', 1361239647, 1, 1361239647, '0', 0, 0, 0, 0, 0, NULL, 0, 1, NULL, NULL, NULL, NULL, NULL, NULL),
(973, 'tmjbj5818', NULL, '18040e63dba28015a13ce0edacadab31', 0, '../Public/images/header.jpg', 'tangmj5818@vip.qq.com', 0, '1978-01-01', '', '', '', '', '', '', '106.8.85.49', 1361240613, 1, 1361240613, '0', 0, 0, 0, 0, 0, NULL, 0, 0, NULL, NULL, NULL, 849, NULL, NULL),
(974, '111222', NULL, 'e10adc3949ba59abbe56e057f20f883e', 0, '../Public/images/header.jpg', '286526088@qq.com', 0, '1978-01-01', '', '', '', '', '', '', '', 1361241333, 1, 1361260307, '61.232.9.187', 0, 0, 0, 0, 0, NULL, 0, 1, NULL, NULL, NULL, NULL, NULL, NULL),
(975, '1056982895@qq..com', NULL, '88f7ea73431cf8fb413f4ae67f71e8cf', 0, '../Public/images/header.jpg', '1056982895@qq..com', 0, '1978-01-01', '', '', '', '', '', '', '61.232.9.187', 1361243265, 1, 0, '0', 0, 0, 0, 0, 0, NULL, 0, 0, NULL, NULL, NULL, NULL, NULL, NULL),
(976, '98', NULL, 'ed3d2c21991e3bef5e069713af9fa6ca', 0, '../Public/images/header.jpg', '98', 0, '1978-01-01', '', '', '', '', '', '', '61.232.9.187', 1361251722, 1, 1361253794, '61.232.9.187', 0, 0, 0, 0, 0, NULL, 0, 0, NULL, NULL, NULL, NULL, NULL, NULL),
(977, 'xiaoqiangsu', NULL, '5bfab81a2c3215b975ae11e5aa838534', 0, '../Public/images/header.jpg', '415237930@qq.com', 0, '1978-01-01', '', '', '', '', '', '', '', 1361266295, 1, 1361271069, '61.232.9.187', 0, 0, 0, 0, 0, NULL, 0, 1, NULL, NULL, NULL, NULL, NULL, NULL),
(978, 'xcxfwyj', NULL, 'a07badb0e0b2e28ba084eaffedd86100', 0, '../Public/images/header.jpg', 'xcxfwyj@163.com', 0, '1978-01-01', '', '', '', '', '', '', '222.55.170.36', 1361382836, 1, 1361382836, '0', 0, 0, 0, 0, 0, NULL, 0, 0, NULL, NULL, NULL, NULL, NULL, NULL),
(979, '复活节', NULL, 'c4ca4238a0b923820dcc509a6f75849b', 0, '../Public/images/header.jpg', '???', 0, '1978-01-01', '', '', '', '', '', '', '61.232.9.187', 1361410938, 1, 1361410944, '61.232.9.187', 0, 0, 0, 0, 0, NULL, 0, 0, NULL, NULL, NULL, NULL, NULL, NULL),
(980, 'tu', NULL, 'aa0f7bae9227b3200d2e67128b64d43f', 0, '../Public/images/header.jpg', 'tu', 0, '1978-01-01', '', '', '', '', '', '', '', 1361411285, 1, 1361411285, '0', 0, 0, 0, 0, 0, NULL, 0, 1, NULL, NULL, NULL, NULL, NULL, NULL),
(981, '回家', NULL, 'c4ca4238a0b923820dcc509a6f75849b', 0, '../Public/images/header.jpg', '回家', 0, '1978-01-01', '', '', '', '', '', '', '', 1361411725, 1, 1361413187, '61.232.9.187', 0, 0, 0, 0, 0, NULL, 0, 1, NULL, NULL, NULL, NULL, NULL, NULL),
(982, 'hh', NULL, 'c4ca4238a0b923820dcc509a6f75849b', 0, '../Public/images/header.jpg', 'hh', 0, '1978-01-01', '', '', '', '', '', '', '', 1361416564, 1, 1361430217, '61.232.9.187', 0, 0, 0, 0, 0, NULL, 0, 1, NULL, NULL, NULL, NULL, NULL, NULL),
(983, '风儿', NULL, '60c7b1b78bd478ba0277cfd688f00b6b', 0, '../Public/images/header.jpg', '??', 0, '1978-01-01', '', '', '', '', '', '', '61.232.9.187', 1361420312, 1, 1362294222, '180.148.224.2', 0, 0, 0, 0, 0, NULL, 0, 0, NULL, NULL, NULL, NULL, NULL, NULL),
(984, 'jinweimeijia', NULL, 'e10adc3949ba59abbe56e057f20f883e', 0, '../Public/images/header.jpg', '286526088@qq.com', 0, '1978-01-01', '', '', '', '', '', '', '', 1361423464, 1, 1361423464, '0', 0, 0, 0, 0, 0, NULL, 0, 1, NULL, NULL, NULL, NULL, NULL, NULL),
(985, '晨轩名品', NULL, 'caf7c6b2fec6ebe3eed47521a981b18f', 0, '../Public/images/header.jpg', '????', 0, '1978-01-01', '', '', '', '', '', '', '61.232.9.187', 1361424184, 1, 1361425958, '61.232.9.187', 0, 0, 0, 0, 0, NULL, 0, 0, NULL, NULL, NULL, NULL, NULL, NULL),
(986, 'ol', NULL, 'c4ca4238a0b923820dcc509a6f75849b', 0, '../Public/images/header.jpg', 'ol', 0, '1978-01-01', '', '', '', '', '', '', '61.232.9.187', 1361429992, 1, 1361436704, '61.232.9.187', 0, 0, 0, 0, 0, NULL, 0, 0, NULL, NULL, NULL, NULL, NULL, NULL),
(987, 't', NULL, 'c4ca4238a0b923820dcc509a6f75849b', 0, '../Public/images/header.jpg', 't', 0, '1978-01-01', '', '', '', '', '', '', '61.232.9.187', 1361430097, 1, 1361430148, '61.232.9.187', 0, 0, 0, 0, 0, NULL, 0, 0, NULL, NULL, NULL, NULL, NULL, NULL),
(988, 'g', NULL, 'c4ca4238a0b923820dcc509a6f75849b', 0, '../Public/images/header.jpg', 'g', 0, '1978-01-01', '', '', '', '', '', '', '61.232.9.187', 1361430179, 1, 1361430181, '61.232.9.187', 0, 0, 0, 0, 0, NULL, 0, 0, NULL, NULL, NULL, NULL, NULL, NULL),
(989, 'eee', NULL, 'c4ca4238a0b923820dcc509a6f75849b', 0, '../Public/images/header.jpg', 'eee', 0, '1978-01-01', '', '', '', '', '', '', '', 1361430236, 1, 1361438027, '61.232.9.187', 0, 0, 0, 0, 0, NULL, 0, 1, NULL, NULL, NULL, NULL, NULL, NULL),
(990, 'TTY', NULL, '44f437ced647ec3f40fa0841041871cd', 0, '../Public/images/header.jpg', 'Yrr', 0, '1978-01-01', '', '', '', '', '', '', '61.232.9.187', 1361437558, 1, 0, '0', 0, 0, 0, 0, 0, NULL, 0, 0, NULL, NULL, NULL, NULL, NULL, NULL),
(991, '凝儿225', NULL, 'e10adc3949ba59abbe56e057f20f883e', 0, '../Public/images/header.jpg', '1056982895@qq.com', 0, '1978-01-01', '', '', '', '', '', '', '', 1361439595, 1, 1362283126, '61.232.9.187', 0, 0, 0, 0, 0, NULL, 0, 1, NULL, NULL, NULL, NULL, NULL, NULL),
(992, 'deng', NULL, 'c4ca4238a0b923820dcc509a6f75849b', 0, '../Public/images/header.jpg', 'deng', 0, '1978-01-01', '', '', '', '', '', '', '', 1361440215, 1, 1361455426, '211.146.12.38', 0, 0, 0, 0, 0, NULL, 0, 1, NULL, NULL, NULL, NULL, NULL, NULL),
(993, '你好', NULL, 'e10adc3949ba59abbe56e057f20f883e', 0, '../Public/images/header.jpg', '你好', 0, '1978-01-01', '', '', '', '', '', '', '', 1361497302, 1, 1361497677, '61.232.9.187', 0, 0, 0, 0, 0, NULL, 0, 1, NULL, NULL, NULL, NULL, NULL, NULL),
(994, 'er', NULL, 'c4ca4238a0b923820dcc509a6f75849b', 0, '../Public/images/header.jpg', 'er', 0, '1978-01-01', '', '', '', '', '', '', '61.232.9.187', 1361761354, 1, 1361761357, '61.232.9.187', 0, 0, 0, 0, 0, NULL, 0, 0, NULL, NULL, NULL, NULL, NULL, NULL),
(995, 'qqq', NULL, 'c4ca4238a0b923820dcc509a6f75849b', 0, '../Public/images/header.jpg', 'qqq', 0, '1978-01-01', '', '', '', '', '', '', '61.232.9.187', 1361765209, 1, 1361765270, '61.232.9.187', 0, 0, 0, 0, 0, NULL, 0, 0, NULL, NULL, NULL, NULL, NULL, NULL),
(996, 'fgh', NULL, 'c4ca4238a0b923820dcc509a6f75849b', 0, '../Public/images/header.jpg', 'fgh', 0, '1978-01-01', '', '', '', '', '', '', '61.232.9.187', 1361770437, 1, 0, '0', 0, 0, 0, 0, 0, NULL, 0, 0, NULL, NULL, NULL, NULL, NULL, NULL),
(997, 'yyk', NULL, 'c4ca4238a0b923820dcc509a6f75849b', 0, '../Public/images/header.jpg', 'yyk', 0, '1978-01-01', '', '', '', '', '', '', '61.232.9.187', 1361770975, 1, 0, '0', 0, 0, 0, 0, 0, NULL, 0, 0, NULL, NULL, NULL, NULL, NULL, NULL),
(998, 'rrre', NULL, 'c4ca4238a0b923820dcc509a6f75849b', 0, '../Public/images/header.jpg', 'rrre', 0, '1978-01-01', '', '', '', '', '', '', '61.232.9.187', 1361771340, 1, 0, '0', 0, 0, 0, 0, 0, NULL, 0, 0, NULL, NULL, NULL, NULL, NULL, NULL),
(999, 'wetui', NULL, 'c4ca4238a0b923820dcc509a6f75849b', 0, '../Public/images/header.jpg', 'wetui', 0, '1978-01-01', '', '', '', '', '', '', '61.232.9.187', 1361771418, 1, 0, '0', 0, 0, 0, 0, 0, NULL, 0, 0, NULL, NULL, NULL, NULL, NULL, NULL),
(1000, 'wetui123', NULL, 'c4ca4238a0b923820dcc509a6f75849b', 0, '../Public/images/header.jpg', 'wetui123', 0, '1978-01-01', '', '', '', '', '', '', '61.232.9.187', 1361771471, 1, 1361771754, '61.232.9.187', 0, 0, 0, 0, 0, NULL, 0, 0, NULL, NULL, NULL, NULL, NULL, NULL),
(1001, 'bgy', NULL, 'c4ca4238a0b923820dcc509a6f75849b', 0, '../Public/images/header.jpg', 'bgy', 0, '1978-01-01', '', '', '', '', '', '', '61.232.9.187', 1361771662, 1, 0, '0', 0, 0, 0, 0, 0, NULL, 0, 0, NULL, NULL, NULL, NULL, NULL, NULL),
(1002, 'bgye', NULL, 'c4ca4238a0b923820dcc509a6f75849b', 0, '../Public/images/header.jpg', 'bgye', 0, '1978-01-01', '', '', '', '', '', '', '61.232.9.187', 1361771689, 1, 0, '0', 0, 0, 0, 0, 0, NULL, 0, 0, NULL, NULL, NULL, NULL, NULL, NULL),
(1003, 'pl', NULL, 'c20ad4d76fe97759aa27a0c99bff6710', 0, '../Public/images/header.jpg', 'pl', 0, '1978-01-01', '', '', '', '', '', '', '61.232.9.187', 1361771747, 1, 1361771750, '61.232.9.187', 0, 0, 0, 0, 0, NULL, 0, 0, NULL, NULL, NULL, NULL, NULL, NULL),
(1004, 'rdh', NULL, 'c4ca4238a0b923820dcc509a6f75849b', 0, '../Public/images/header.jpg', 'rdh', 0, '1978-01-01', '', '', '', '', '', '', '61.232.9.187', 1361772428, 1, 1361772601, '61.232.9.187', 0, 0, 0, 0, 0, NULL, 0, 0, NULL, NULL, NULL, NULL, NULL, NULL),
(1005, 'qaz', NULL, 'c4ca4238a0b923820dcc509a6f75849b', 0, '../Public/images/header.jpg', 'qaz', 0, '1978-01-01', '', '', '', '', '', '', '61.232.9.187', 1361772565, 1, 0, '0', 0, 0, 0, 0, 0, NULL, 0, 0, NULL, NULL, NULL, NULL, NULL, NULL),
(1006, 'wsx', NULL, 'c4ca4238a0b923820dcc509a6f75849b', 0, '../Public/images/header.jpg', 'wsx', 0, '1978-01-01', '', '', '', '', '', '', '61.232.9.187', 1361772592, 1, 0, '0', 0, 0, 0, 0, 0, NULL, 0, 0, NULL, NULL, NULL, NULL, NULL, NULL),
(1007, 'okm', NULL, 'c4ca4238a0b923820dcc509a6f75849b', 0, '../Public/images/header.jpg', 'okm', 0, '1978-01-01', '', '', '', '', '', '', '61.232.9.187', 1361772629, 1, 0, '0', 0, 0, 0, 0, 0, NULL, 0, 0, NULL, NULL, NULL, NULL, NULL, NULL),
(1008, 'yhb', NULL, 'c4ca4238a0b923820dcc509a6f75849b', 0, '../Public/images/header.jpg', 'yhb', 0, '1978-01-01', '', '', '', '', '', '', '61.232.9.187', 1361772799, 1, 0, '0', 0, 0, 0, 0, 0, NULL, 0, 0, NULL, NULL, NULL, NULL, NULL, NULL),
(1009, 'dd', NULL, 'c4ca4238a0b923820dcc509a6f75849b', 0, '../Public/images/header.jpg', 'dd', 0, '1978-01-01', '', '', '', '', '', '', '61.232.9.187', 1361772897, 1, 0, '0', 0, 0, 0, 0, 0, NULL, 0, 0, NULL, NULL, NULL, NULL, NULL, NULL),
(1010, 'opo', NULL, 'c4ca4238a0b923820dcc509a6f75849b', 0, '../Public/images/header.jpg', 'opo', 0, '1978-01-01', '', '', '', '', '', '', '61.232.9.187', 1361773193, 1, 0, '0', 0, 0, 0, 0, 0, NULL, 0, 0, NULL, NULL, NULL, NULL, NULL, NULL),
(1011, 'tgm', NULL, 'c4ca4238a0b923820dcc509a6f75849b', 0.15, '../Public/images/header.jpg', 'tgm', 0, '1978-01-01', '', '', '', '', '', '', '61.232.9.187', 1361773300, 1, 1361942848, '61.232.9.187', 0, 0, 0, 0, 0, NULL, 0, 0, NULL, NULL, NULL, NULL, NULL, NULL),
(1012, '孙', NULL, 'c4ca4238a0b923820dcc509a6f75849b', 0, '../Public/images/header.jpg', '孙', 0, '1978-01-01', '', '', '', '', '', '', '', 1361773991, 1, 1361932491, '61.232.9.187', 0, 0, 0, 0, 0, NULL, 0, 1, NULL, NULL, NULL, NULL, NULL, NULL),
(1013, 'test106k', NULL, '6da73fa49967c2d83c91f5dfce5eafa4', 0, '../Public/images/header.jpg', 'test106k', 0, '1978-01-01', '', '', '', '', '', '', '', 1361862949, 1, 1361862949, '0', 0, 0, 0, 0, 0, NULL, 0, 1, NULL, NULL, NULL, NULL, NULL, NULL),
(1014, 'io', NULL, 'c4ca4238a0b923820dcc509a6f75849b', 0, '../Public/images/header.jpg', 'io', 0, '1978-01-01', '', '', '', '', '', '', '61.232.9.187', 1361928665, 1, 1361928667, '61.232.9.187', 0, 0, 0, 0, 0, NULL, 0, 0, NULL, NULL, NULL, NULL, NULL, NULL),
(1015, 'shengkunjiudian', NULL, 'e10adc3949ba59abbe56e057f20f883e', 0, '../Public/images/header.jpg', '286526088@qq.com', 0, '1978-01-01', '', '', '', '', '', '', '', 1361931924, 1, 1361931924, '0', 0, 0, 0, 0, 0, NULL, 0, 1, NULL, NULL, NULL, NULL, NULL, NULL),
(1016, 'taishadidi', NULL, '7c56460aa697ef7504e22fecba9af5b4', 0, '../Public/images/header.jpg', 'taishadidi@hotmail.com', 0, '1978-01-01', '', '', '', '', '', '', '61.232.9.187', 1361932432, 1, 1361937239, '61.232.9.187', 0, 0, 0, 0, 0, NULL, 0, 0, NULL, NULL, NULL, NULL, NULL, NULL),
(1017, '啊啊', NULL, 'c4ca4238a0b923820dcc509a6f75849b', 0, '../Public/images/header.jpg', '啊啊', 0, '1978-01-01', '', '', '', '', '', '', '', 1361956877, 1, 1361958798, '61.232.9.187', 0, 0, 0, 0, 0, NULL, 0, 1, NULL, NULL, NULL, NULL, NULL, NULL),
(1018, '13832220207', NULL, '9b8d1a98f195ee7d75164f45c04e5967', 0, '../Public/images/header.jpg', '13832220207@163.com', 0, '1978-01-01', '', '', '', '', '', '', '122.74.202.147', 1361971092, 1, 1361971826, '122.74.202.147', 0, 0, 0, 0, 0, NULL, 0, 0, NULL, NULL, NULL, 0, NULL, NULL),
(1019, 'lixiang', NULL, '0f5073c04b8fcde03f80f3e1324933e5', 0, '../Public/images/header.jpg', 'lixiang', 0, '1978-01-01', '', '', '', '', '', '', '61.148.242.3', 1362024251, 1, 1362222258, '61.148.243.61', 0, 0, 0, 0, 0, NULL, 0, 0, NULL, NULL, NULL, NULL, NULL, NULL),
(1020, 'fp', NULL, 'c4ca4238a0b923820dcc509a6f75849b', 0, '../Public/images/header.jpg', 'fp', 0, '1978-01-01', '', '', '', '', '', '', '', 1362029887, 1, 1362029889, '61.232.9.187', 0, 0, 0, 0, 0, NULL, 0, 1, NULL, NULL, NULL, NULL, NULL, NULL),
(1021, 'kk', NULL, 'c4ca4238a0b923820dcc509a6f75849b', 0, '../Public/images/header.jpg', 'kk', 0, '1978-01-01', '', '', '', '', '', '', '', 1362040533, 1, 1362109873, '61.232.9.187', 0, 0, 0, 0, 0, NULL, 0, 1, NULL, NULL, NULL, NULL, NULL, NULL),
(1022, 'rrr', NULL, 'c4ca4238a0b923820dcc509a6f75849b', 0, '../Public/images/header.jpg', 'rrr', 0, '1978-01-01', '', '', '', '', '', '', '', 1362050487, 1, 1362103757, '61.232.9.187', 0, 0, 0, 0, 0, NULL, 0, 1, NULL, NULL, NULL, NULL, NULL, NULL),
(1023, 'pf', NULL, 'c4ca4238a0b923820dcc509a6f75849b', 0, '../Public/images/header.jpg', 'pf', 0, '1978-01-01', '', '', '', '', '', '', '61.232.9.187', 1362105158, 1, 1362105525, '61.232.9.187', 0, 0, 0, 0, 0, NULL, 0, 0, NULL, NULL, NULL, NULL, NULL, NULL),
(1024, 'yyy', NULL, '202cb962ac59075b964b07152d234b70', 0, '../Public/images/header.jpg', 'yyy', 0, '1978-01-01', '', '', '', '', '', '', '', 1362106046, 1, 1362274069, '61.232.9.187', 0, 0, 0, 0, 0, NULL, 0, 1, NULL, NULL, NULL, NULL, NULL, NULL),
(1025, 'zc', NULL, 'c4ca4238a0b923820dcc509a6f75849b', 0, '../Public/images/header.jpg', 'zc', 0, '1978-01-01', '', '', '', '', '', '', '', 1362122071, 1, 1362122349, '61.232.9.187', 0, 0, 0, 0, 0, NULL, 0, 1, NULL, NULL, NULL, NULL, NULL, NULL);
INSERT INTO `pp_user` (`id`, `name`, `nickname`, `passwd`, `money`, `img`, `email`, `sex`, `brithday`, `address`, `province`, `city`, `area`, `blog`, `info`, `ip`, `add_time`, `status`, `last_time`, `last_ip`, `share_num`, `like_num`, `follow_num`, `fans_num`, `album_num`, `tel`, `user_level`, `user_auth_level`, `truename`, `idcard`, `hobby`, `recommender`, `connectid`, `from`) VALUES
(1026, '336', NULL, '202cb962ac59075b964b07152d234b70', 0, '../Public/images/header.jpg', '336', 0, '1978-01-01', '', '', '', '', '', '', '', 1362124225, 1, 1362135166, '61.232.9.187', 0, 0, 0, 0, 0, NULL, 0, 1, NULL, NULL, NULL, NULL, NULL, NULL),
(1027, 'dfy', NULL, 'c4ca4238a0b923820dcc509a6f75849b', 0, '../Public/images/header.jpg', 'dfy', 0, '1978-01-01', '', '', '', '', '', '', '', 1362139976, 1, 1362139980, '61.232.9.187', 0, 0, 0, 0, 0, NULL, 0, 1, NULL, NULL, NULL, NULL, NULL, NULL),
(1028, 'yu', NULL, 'c4ca4238a0b923820dcc509a6f75849b', 0, '../Public/images/header.jpg', 'yu', 0, '1978-01-01', '', '', '', '', '', '', '', 1362189477, 1, 1362191238, '61.232.9.187', 0, 0, 0, 0, 0, NULL, 0, 1, NULL, NULL, NULL, NULL, NULL, NULL),
(1029, 'vmghj', NULL, 'c4ca4238a0b923820dcc509a6f75849b', 0, '../Public/images/header.jpg', 'vmghj', 0, '1978-01-01', '', '', '', '', '', '', '', 1362192070, 1, 1362192125, '61.232.9.187', 0, 0, 0, 0, 0, NULL, 0, 1, NULL, NULL, NULL, NULL, NULL, NULL),
(1030, 'fhkl', NULL, 'c4ca4238a0b923820dcc509a6f75849b', 0, '../Public/images/header.jpg', 'fhkl', 0, '1978-01-01', '', '', '', '', '', '', '', 1362192711, 1, 1362192711, '0', 0, 0, 0, 0, 0, NULL, 0, 1, NULL, NULL, NULL, NULL, NULL, NULL),
(1031, 'yan20120108', NULL, '8fbf6268c30a824cda3d33c757b885d7', 0, '../Public/images/header.jpg', 'yan20120108', 0, '1978-01-01', '', '', '', '', '', '', '124.207.123.33', 1362228616, 1, 1362228619, '124.207.123.33', 0, 0, 0, 0, 0, NULL, 0, 0, NULL, NULL, NULL, NULL, NULL, NULL),
(1032, '阿德', NULL, '7694f4a66316e53c8cdd9d9954bd611d', 0, '../Public/images/header.jpg', '阿德', 0, '1978-01-01', '', '', '', '', '', '', '', 1362275281, 1, 1362275285, '61.232.9.187', 0, 0, 0, 0, 0, NULL, 0, 1, NULL, NULL, NULL, NULL, NULL, NULL),
(1033, '他哦们路甜蜜', NULL, '962012d09b8170d912f0669f6d7d9d07', 0, '../Public/images/header.jpg', '他哦们路甜蜜', 0, '1978-01-01', '', '', '', '', '', '', '', 1362275454, 1, 1362275458, '61.232.9.187', 0, 0, 0, 0, 0, NULL, 0, 1, NULL, NULL, NULL, NULL, NULL, NULL),
(1034, '拖拉', NULL, '4de1b7a4dc53e4a84c25ffb7cdb580ee', 0, '../Public/images/header.jpg', '拖拉', 0, '1978-01-01', '', '', '', '', '', '', '', 1362275789, 1, 1362275795, '61.232.9.187', 0, 0, 0, 0, 0, NULL, 0, 1, NULL, NULL, NULL, NULL, NULL, NULL),
(1035, '啊路', NULL, '962012d09b8170d912f0669f6d7d9d07', 0, '../Public/images/header.jpg', '啊路', 0, '1978-01-01', '', '', '', '', '', '', '', 1362278091, 1, 1362301526, '61.232.9.187', 0, 0, 0, 0, 0, NULL, 0, 1, NULL, NULL, NULL, NULL, NULL, NULL),
(1036, 'from', NULL, 'c4ca4238a0b923820dcc509a6f75849b', 0, '../Public/images/header.jpg', 'from', 0, '1978-01-01', '', '', '', '', '', '', '61.232.9.187', 1362299466, 1, 1362303610, '61.232.9.187', 0, 0, 0, 0, 0, NULL, 0, 0, NULL, NULL, NULL, NULL, NULL, NULL),
(1037, 'xianluoxiang', NULL, 'b6af3f19458ec8e6faff8ee1e0440ecb', 0, '../Public/images/header.jpg', '1056982895@qq.com', 0, '1978-01-01', '', '', '', '', '', '', '', 1362368653, 1, 1362368653, '0', 0, 0, 0, 0, 0, NULL, 0, 1, NULL, NULL, NULL, NULL, NULL, NULL),
(1038, 'un100@sohu.com', NULL, '126cdefe9423b4aa8f9152a8cb0da4b6', 0, '../Public/images/header.jpg', 'un100@sohu.com', 0, '1978-01-01', '', '', '', '', '', '', '117.136.34.131', 1362372190, 1, 1362463857, '117.136.31.190', 0, 0, 0, 0, 0, NULL, 0, 0, NULL, NULL, NULL, NULL, NULL, NULL),
(1039, 'oujizhuanyemalatang', NULL, 'b6af3f19458ec8e6faff8ee1e0440ecb', 0, '../Public/images/header.jpg', '1056982895@qq.com', 0, '1978-01-01', '', '', '', '', '', '', '', 1362378507, 1, 1362378507, '0', 0, 0, 0, 0, 0, NULL, 0, 1, NULL, NULL, NULL, NULL, NULL, NULL),
(1040, 'honghuchuanyangcanting', NULL, 'b6af3f19458ec8e6faff8ee1e0440ecb', 0, '../Public/images/header.jpg', '1056982895@qq.com', 0, '1978-01-01', '', '', '', '', '', '', '', 1362382843, 1, 1362382843, '0', 0, 0, 0, 0, 0, NULL, 0, 1, NULL, NULL, NULL, NULL, NULL, NULL),
(1041, 'jiushixinpailiaoli', NULL, 'b6af3f19458ec8e6faff8ee1e0440ecb', 0, '../Public/images/header.jpg', '1056982895@qq.com', 0, '1978-01-01', '', '', '', '', '', '', '', 1362384882, 1, 1362384882, '0', 0, 0, 0, 0, 0, NULL, 0, 1, NULL, NULL, NULL, NULL, NULL, NULL),
(1042, 'ypx', NULL, '202cb962ac59075b964b07152d234b70', 0, '../Public/images/header.jpg', 'ypx', 0, '1978-01-01', '', '', '', '', '', '', '', 1362385490, 1, 1362385577, '61.232.9.187', 0, 0, 0, 0, 0, NULL, 0, 1, NULL, NULL, NULL, NULL, NULL, NULL),
(1043, 'bm', NULL, 'c4ca4238a0b923820dcc509a6f75849b', 0, '../Public/images/header.jpg', 'bm', 0, '1978-01-01', '', '', '', '', '', '', '', 1362385502, 1, 1362385502, '0', 0, 0, 0, 0, 0, NULL, 0, 1, NULL, NULL, NULL, NULL, NULL, NULL),
(1044, 'uio', NULL, 'c4ca4238a0b923820dcc509a6f75849b', 0, '../Public/images/header.jpg', 'uio', 0, '1978-01-01', '', '', '', '', '', '', '', 1362385700, 1, 1362385700, '0', 0, 0, 0, 0, 0, NULL, 0, 1, NULL, NULL, NULL, NULL, NULL, NULL),
(1045, 'yanpx', NULL, '202cb962ac59075b964b07152d234b70', 0, '../Public/images/header.jpg', 'yanpx', 0, '1978-01-01', '', '', '', '', '', '', '', 1362384668, 1, 1362385359, '61.232.9.187', 0, 0, 0, 0, 0, NULL, 0, 1, NULL, NULL, NULL, NULL, NULL, NULL),
(1046, 'ert', NULL, 'c4ca4238a0b923820dcc509a6f75849b', 0, '../Public/images/header.jpg', 'ert', 0, '1978-01-01', '', '', '', '', '', '', '', 1362384671, 1, 1362386075, '61.232.9.187', 0, 0, 0, 0, 0, NULL, 0, 1, NULL, NULL, NULL, NULL, NULL, NULL),
(1047, 'bhi', NULL, 'c4ca4238a0b923820dcc509a6f75849b', 0, '../Public/images/header.jpg', 'bhi', 0, '1978-01-01', '', '', '', '', '', '', '', 1362385299, 1, 1362386443, '61.232.9.187', 0, 0, 0, 0, 0, NULL, 0, 1, NULL, NULL, NULL, NULL, NULL, NULL),
(1048, 'chaoweixuan', NULL, 'b6af3f19458ec8e6faff8ee1e0440ecb', 0, '../Public/images/header.jpg', '1056982895@qq.com', 0, '1978-01-01', '', '', '', '', '', '', '', 1362386943, 1, 1362386943, '0', 0, 0, 0, 0, 0, NULL, 0, 1, NULL, NULL, NULL, NULL, NULL, NULL),
(1049, 'jvcanting', NULL, 'b6af3f19458ec8e6faff8ee1e0440ecb', 0, '../Public/images/header.jpg', '1056982895@qq.com', 0, '1978-01-01', '', '', '', '', '', '', '', 1362389444, 1, 1362389444, '0', 0, 0, 0, 0, 0, NULL, 0, 1, NULL, NULL, NULL, NULL, NULL, NULL),
(1050, 'love', NULL, '50905d7b2216bfeccb5b41016357176b', 0, '../Public/images/header.jpg', 'love', 0, '1978-01-01', '', '', '', '', '', '', '', 1362389709, 1, 1362389729, '61.232.9.187', 0, 0, 0, 0, 0, NULL, 0, 1, NULL, NULL, NULL, NULL, NULL, NULL),
(1051, '根据', NULL, 'c4ca4238a0b923820dcc509a6f75849b', 0, '../Public/images/header.jpg', '@', 0, '1978-01-01', '', '', '', '', '', '', '', 1362388637, 1, 1362389310, '61.232.9.187', 0, 0, 0, 0, 0, NULL, 0, 1, NULL, NULL, NULL, NULL, NULL, NULL),
(1052, 'yyyy', NULL, '202cb962ac59075b964b07152d234b70', 0, '../Public/images/header.jpg', '@', 0, '1978-01-01', '', '', '', '', '', '', '', 1362388951, 1, 1362389854, '61.232.9.187', 0, 0, 0, 0, 0, NULL, 0, 1, NULL, NULL, NULL, NULL, NULL, NULL),
(1053, '策略', NULL, 'c4ca4238a0b923820dcc509a6f75849b', 0, '../Public/images/header.jpg', '@', 0, '1978-01-01', '', '', '', '', '', '', '', 1362389541, 1, 1362389545, '61.232.9.187', 0, 0, 0, 0, 0, NULL, 0, 1, NULL, NULL, NULL, NULL, NULL, NULL),
(1054, '咯你', NULL, 'c4ca4238a0b923820dcc509a6f75849b', 0, '../Public/images/header.jpg', '@', 0, '1978-01-01', '', '', '', '', '', '', '', 1362389590, 1, 1362391897, '61.232.9.187', 0, 0, 0, 0, 0, NULL, 0, 1, NULL, NULL, NULL, NULL, NULL, NULL),
(1055, '估计', NULL, 'c4ca4238a0b923820dcc509a6f75849b', 0, '../Public/images/header.jpg', '@', 0, '1978-01-01', '', '', '', '', '', '', '', 1362392041, 1, 1362392045, '61.232.9.187', 0, 0, 0, 0, 0, NULL, 0, 1, NULL, NULL, NULL, NULL, NULL, NULL),
(1056, '拖拉机', NULL, 'c4ca4238a0b923820dcc509a6f75849b', 0, '../Public/images/header.jpg', '@', 0, '1978-01-01', '', '', '', '', '', '', '', 1362392438, 1, 1362469683, '61.232.9.187', 0, 0, 0, 0, 0, NULL, 0, 1, NULL, NULL, NULL, NULL, NULL, NULL),
(1057, 'llll', NULL, '202cb962ac59075b964b07152d234b70', 0, '../Public/images/header.jpg', '@', 0, '1978-01-01', '', '', '', '', '', '', '', 1362448419, 1, 1362449169, '61.232.9.187', 0, 0, 0, 0, 0, NULL, 0, 1, NULL, NULL, NULL, NULL, NULL, NULL),
(1058, '戴龍贴吧', NULL, 'e10adc3949ba59abbe56e057f20f883e', 0, '../Public/images/header.jpg', '525522451@qq.com', 0, '1978-01-01', '', '', '', '', '', '', '125.34.147.210', 1362450500, 1, 1362450500, '0', 0, 0, 0, 0, 0, NULL, 0, 0, NULL, NULL, NULL, 845, NULL, NULL),
(1059, 'Monica&Rachel的家', NULL, 'b6af3f19458ec8e6faff8ee1e0440ecb', 0, '../Public/images/header.jpg', '1056982895@qq.com', 0, '1978-01-01', '', '', '', '', '', '', '', 1362464999, 1, 1362464999, '0', 0, 0, 0, 0, 0, NULL, 0, 1, NULL, NULL, NULL, NULL, NULL, NULL),
(1060, 'fenglingribenliaoli', NULL, 'b6af3f19458ec8e6faff8ee1e0440ecb', 0, '../Public/images/header.jpg', '1056982895@qq.com', 0, '1978-01-01', '', '', '', '', '', '', '', 1362467433, 1, 1362467433, '0', 0, 0, 0, 0, 0, NULL, 0, 1, NULL, NULL, NULL, NULL, NULL, NULL),
(1061, 'shaxianxiaochi', NULL, 'b6af3f19458ec8e6faff8ee1e0440ecb', 0, '../Public/images/header.jpg', '1056982895@qq.com', 0, '1978-01-01', '', '', '', '', '', '', '', 1362469871, 1, 1362469871, '0', 0, 0, 0, 0, 0, NULL, 0, 1, NULL, NULL, NULL, NULL, NULL, NULL),
(1062, 'fhsalkjfsafsaflhk', NULL, '96e79218965eb72c92a549dd5a330112', 0, '../Public/images/header.jpg', 'zhy_zx@163.com', 0, '1978-01-01', '', '', '', '', '', '', '', 1362706477, 1, 1362706477, '0', 0, 0, 0, 0, 0, NULL, 0, 1, NULL, NULL, NULL, NULL, NULL, NULL),
(1063, '1111241241', NULL, '96e79218965eb72c92a549dd5a330112', 0, '../Public/images/header.jpg', '214234234', 0, '1978-01-01', '', '', '', '', '', '', '192.168.2.134', 1362706554, 1, 1362706554, '0', 0, 0, 0, 0, 0, NULL, 0, 0, NULL, NULL, NULL, 0, NULL, NULL),
(1064, '撒法师法师', NULL, '96e79218965eb72c92a549dd5a330112', 0, '../Public/images/header.jpg', 'SAFSAFSAFSASAF', 0, '1978-01-01', '', '', '', '', '', '', '', 1362723604, 1, 1362723604, '0', 0, 0, 0, 0, 0, NULL, 0, 1, NULL, NULL, NULL, NULL, NULL, NULL),
(1065, '14352345', NULL, '96e79218965eb72c92a549dd5a330112', 0, '../Public/images/header.jpg', '234234235435432', 0, '1978-01-01', '', '', '', '', '', '', '192.168.2.134', 1362723842, 1, 1362723842, '0', 0, 0, 0, 0, 0, NULL, 0, 0, NULL, NULL, NULL, 2147483647, NULL, NULL),
(1066, 'asdadqwewqe', NULL, '96e79218965eb72c92a549dd5a330112', 0, '../Public/images/header.jpg', '111@163.com', 0, '1978-01-01', '', '', '', '', '', '', '192.168.2.134', 1363053525, 1, 1363053525, '0', 0, 0, 0, 0, 0, NULL, 0, 0, NULL, NULL, NULL, 17, NULL, NULL),
(1067, 'koko', NULL, '202cb962ac59075b964b07152d234b70', 0, '../Public/images/header.jpg', 'jkjkl@163.com', 0, '1978-01-01', '', '', '', '', '', '', '192.168.2.137', 1363054478, 1, 1363054478, '0', 0, 0, 0, 0, 0, NULL, 0, 0, NULL, NULL, NULL, 0, NULL, NULL),
(1068, 'hami', NULL, '202cb962ac59075b964b07152d234b70', 0, '../Public/images/header.jpg', 'hjhj@163.com', 0, '1978-01-01', '', '', '', '', '', '', '192.168.2.137', 1363054633, 1, 1363054633, '0', 0, 0, 0, 0, 0, NULL, 0, 0, NULL, NULL, NULL, NULL, NULL, NULL),
(1069, 'xiangni', NULL, '202cb962ac59075b964b07152d234b70', 0, '../Public/images/header.jpg', 'zhong@163.com', 0, '1978-01-01', '', '', '', '', '', '', '192.168.2.137', 1363054721, 1, 1363054721, '0', 0, 0, 0, 0, 0, NULL, 0, 0, NULL, NULL, NULL, 1067, NULL, NULL),
(1070, 'dadada', NULL, '202cb962ac59075b964b07152d234b70', 0, '../Public/images/header.jpg', 'fgfg@163.com', 0, '1978-01-01', '', '', '', '', '', '', '', 1363054779, 1, 1363054779, '0', 0, 0, 0, 0, 0, NULL, 0, 1, NULL, NULL, NULL, 1067, NULL, NULL),
(1071, 'dadadd', NULL, '202cb962ac59075b964b07152d234b70', 0, '../Public/images/header.jpg', 'jhj@163.com', 0, '1978-01-01', '', '', '', '', '', '', '', 1363054888, 1, 1363054888, '0', 0, 0, 0, 0, 0, NULL, 0, 1, NULL, NULL, NULL, 660, NULL, NULL),
(1072, 'lopp', NULL, '202cb962ac59075b964b07152d234b70', 0, '../Public/images/header.jpg', 'ghdg@163.com', 0, '1978-01-01', '', '', '', '', '', '', '', 1363056327, 1, 1363056327, '0', 0, 0, 0, 0, 0, NULL, 0, 1, NULL, NULL, NULL, 1067, NULL, NULL),
(1073, 'bnbn', NULL, '202cb962ac59075b964b07152d234b70', 0, '../Public/images/header.jpg', 'hjhj@163.com', 0, '1978-01-01', '', '', '', '', '', '', '', 1363056400, 1, 1363056400, '0', 0, 0, 0, 0, 0, NULL, 0, 1, NULL, NULL, NULL, 1067, NULL, NULL),
(1074, 'daxiao', NULL, '202cb962ac59075b964b07152d234b70', 0, '../Public/images/header.jpg', 'hjkhj@163.com', 0, '1978-01-01', '', '', '', '', '', '', '', 1363060539, 1, 1363060539, '0', 0, 0, 0, 0, 0, NULL, 0, 1, NULL, NULL, NULL, NULL, NULL, NULL),
(1075, '143tergdfgweg', NULL, '96e79218965eb72c92a549dd5a330112', 0, '../Public/images/header.jpg', '23r4werfaerwfgesa', 0, '1978-01-01', '', '', '', '', '', '', '192.168.2.134', 1363065314, 1, 1363065314, '0', 0, 0, 0, 0, 0, NULL, 0, 0, NULL, NULL, NULL, 17, NULL, NULL);
